Content,Label,item_Label,session_length
"instruction cache parity error corrected ;-; instruction cache parity error corrected ;-; instruction cache parity error corrected ;-; instruction cache parity error corrected ;-; 63543 double-hummer alignment exceptions ;-; 162 double-hummer alignment exceptions ;-; 141 double-hummer alignment exceptions ;-; CE sym 2, at 0x0b85eee0, mask 0x05 ;-; ciod: failed to read message prefix on control stream (CioStream socket to 172.16.96.116:33569 ;-; ciod: failed to read message prefix on control stream (CioStream socket to 172.16.96.116:33370 ;-; CE sym 20, at 0x1438f9e0, mask 0x40 ;-; generating core.2275 ;-; generating core.862 ;-; generating core.728 ;-; generating core.775 ;-; generating core.3276 ;-; generating core.1717 ;-; generating core.3919 ;-; generating core.2079 ;-; generating core.1414 ;-; generating core.3055 ;-; generating core.201 ;-; generating core.1125 ;-; generating core.412 ;-; generating core.7828 ;-; generating core.5570 ;-; generating core.8275 ;-; generating core.4183 ;-; generating core.6545 ;-; generating core.4245 ;-; generating core.6884 ;-; force load/store alignment...............0 ;-; generating core.6471 ;-; generating core.4155 ;-; generating core.449 ;-; generating core.6990 ;-; generating core.4876 ;-; generating core.2218 ;-; generating core.7518 ;-; generating core.5854 ;-; generating core.7457 ;-; generating core.6896 ;-; generating core.3488 ;-; generating core.1172 ;-; generating core.2286 ;-; generating core.786 ;-; generating core.2680 ;-; generating core.1524 ;-; generating core.4937 ;-; generating core.6801 ;-; generating core.4368 ;-; generating core.851 ;-; generating core.1744 ;-; generating core.1588 ;-; generating core.5307 ;-; generating core.7192 ;-; CE sym 20, at 0x01228120, mask 0x10 ;-; CE sym 5, at 0x11042a80, mask 0x04 ;-; instruction cache parity error corrected ;-; instruction cache parity error corrected ;-; instruction cache parity error corrected ;-; instruction cache parity error corrected ;-; instruction cache parity error corrected ;-; instruction cache parity error corrected ;-; instruction cache parity error corrected ;-; instruction cache parity error corrected ;-; generating core.430 ;-; generating core.174 ;-; ciod: cpu 0 at treeaddr 438 sent unrecognized message 0xffffffff ;-; generating core.976 ;-; generating core.1990 ;-; generating core.3638 ;-; generating core.2690 ;-; generating core.3804 ;-; generating core.418 ;-; generating core.310 ;-; generating core.2409 ;-; generating core.4182 ;-; generating core.8153 ;-; generating core.7836 ;-; generating core.2911 ;-; generating core.2921 ;-; generating core.122 ;-; generating core.1973 ;-; ciod: LOGIN chdir(/p/gb2/glosli/8M_5000K/t800) failed: No such file or directory ;-; generating core.4984 ;-; generating core.1822 ;-; CE sym 28, at 0x110067e0, mask 0x02 ;-; 1 ddr errors(s) detected and corrected on rank 0, symbol 25, bit 1 ;-; CE sym 14, at 0x06047860, mask 0x20 ;-; generating core.3265 ;-; generating core.2599 ;-; generating core.1818 ;-; generating core.1694 ;-; generating core.3401 ;-; generating core.25350 ;-; generating core.1820 ;-; CE sym 2, at 0x1b85f080, mask 0x02 ;-; generating core.254 ;-; generating core.1887",1,"[0, 0, 0, 0, 0, 0, 0, 0, 1, 1, 0, 0, 0, 0, 0, 0, 0, 0, 0, 0, 0, 0, 0, 0, 0, 0, 0, 0, 0, 0, 0, 0, 0, 0, 0, 0, 0, 0, 0, 0, 0, 0, 0, 0, 0, 0, 0, 0, 0, 0, 0, 0, 0, 0, 0, 0, 0, 0, 0, 0, 0, 0, 0, 0, 0, 0, 0, 0, 0, 0, 0, 0, 0, 0, 0, 0, 0, 0, 0, 0, 0, 0, 0, 0, 0, 0, 0, 0, 0, 0, 0, 0, 0, 0, 0, 0, 0, 0, 0, 0]",100
"CE sym 2, at 0x1b85fe80, mask 0x02 ;-; generating core.8280 ;-; generating core.12357 ;-; data TLB error interrupt ;-; data TLB error interrupt ;-; data TLB error interrupt ;-; data TLB error interrupt ;-; data TLB error interrupt ;-; data TLB error interrupt ;-; data TLB error interrupt ;-; data TLB error interrupt ;-; data TLB error interrupt ;-; data TLB error interrupt ;-; data TLB error interrupt ;-; data TLB error interrupt ;-; data TLB error interrupt ;-; data TLB error interrupt ;-; data TLB error interrupt ;-; data TLB error interrupt ;-; data TLB error interrupt ;-; data TLB error interrupt ;-; data TLB error interrupt ;-; data TLB error interrupt ;-; data TLB error interrupt ;-; data TLB error interrupt ;-; data TLB error interrupt ;-; data TLB error interrupt ;-; data TLB error interrupt ;-; data TLB error interrupt ;-; data TLB error interrupt ;-; data TLB error interrupt ;-; data TLB error interrupt ;-; data TLB error interrupt ;-; data TLB error interrupt ;-; data TLB error interrupt ;-; data TLB error interrupt ;-; data TLB error interrupt ;-; data TLB error interrupt ;-; data TLB error interrupt ;-; data TLB error interrupt ;-; data TLB error interrupt ;-; data TLB error interrupt ;-; data TLB error interrupt ;-; data TLB error interrupt ;-; data TLB error interrupt ;-; data TLB error interrupt ;-; data TLB error interrupt ;-; data TLB error interrupt ;-; data TLB error interrupt ;-; data TLB error interrupt ;-; data TLB error interrupt ;-; data TLB error interrupt ;-; data TLB error interrupt ;-; data TLB error interrupt ;-; data TLB error interrupt ;-; data TLB error interrupt ;-; data TLB error interrupt ;-; data TLB error interrupt ;-; data TLB error interrupt ;-; data TLB error interrupt ;-; data TLB error interrupt ;-; data TLB error interrupt ;-; data TLB error interrupt ;-; CE sym 10, at 0x08d10580, mask 0x08 ;-; ciod: Message code 0 is not 51 or 4294967295 ;-; data storage interrupt ;-; data storage interrupt ;-; data storage interrupt ;-; data storage interrupt ;-; data storage interrupt ;-; data storage interrupt ;-; data storage interrupt ;-; data storage interrupt ;-; instruction address: 0x00004ed8 ;-; instruction address: 0x00004ed8 ;-; instruction address: 0x00004ed8 ;-; instruction address: 0x00004ed8 ;-; instruction address: 0x00004ed8 ;-; instruction address: 0x00004ed8 ;-; instruction address: 0x00004ed8 ;-; generating core.2522 ;-; generating core.1711 ;-; generating core.2332 ;-; generating core.4505 ;-; generating core.1521 ;-; data storage interrupt ;-; data storage interrupt ;-; data storage interrupt ;-; data storage interrupt ;-; data storage interrupt ;-; data storage interrupt ;-; data storage interrupt ;-; data storage interrupt ;-; instruction address: 0x00004ed8 ;-; instruction address: 0x00004ed8 ;-; instruction address: 0x00004ed8 ;-; instruction address: 0x00004ed8 ;-; instruction address: 0x00004ed8 ;-; instruction address: 0x00004ed8 ;-; instruction address: 0x00004ed8",1,"[0, 0, 0, 1, 1, 1, 1, 1, 1, 1, 1, 1, 1, 1, 1, 1, 1, 1, 1, 1, 1, 1, 1, 1, 1, 1, 1, 1, 1, 1, 1, 1, 1, 1, 1, 1, 1, 1, 1, 1, 1, 1, 1, 1, 1, 1, 1, 1, 1, 1, 1, 1, 1, 1, 1, 1, 1, 1, 1, 1, 1, 1, 1, 0, 0, 1, 1, 1, 1, 1, 1, 1, 1, 0, 0, 0, 0, 0, 0, 0, 0, 0, 0, 0, 0, 1, 1, 1, 1, 1, 1, 1, 1, 0, 0, 0, 0, 0, 0, 0]",100
"instruction address: 0x00004ed8 ;-; data storage interrupt ;-; instruction address: 0x00004ed8 ;-; instruction address: 0x00004ed8 ;-; data address: 0x00000002 ;-; data address: 0x00000002 ;-; machine check: i-fetch......................0 ;-; machine check: i-fetch......................0 ;-; program interrupt: illegal instruction......0 ;-; data storage interrupt ;-; data storage interrupt ;-; data storage interrupt ;-; data storage interrupt ;-; data storage interrupt ;-; instruction address: 0x00004ed8 ;-; data storage interrupt ;-; instruction address: 0x00004ed8 ;-; data storage interrupt ;-; data address: 0x00000002 ;-; data storage interrupt ;-; data address: 0x00000002 ;-; data address: 0x00000002 ;-; data storage interrupt ;-; data address: 0x00000002 ;-; machine check: i-fetch......................0 ;-; data storage interrupt ;-; data storage interrupt ;-; data storage interrupt ;-; data storage interrupt ;-; data address: 0x00000002 ;-; instruction address: 0x00004ed8 ;-; exception syndrome register: 0x00800000 ;-; exception syndrome register: 0x00800000 ;-; exception syndrome register: 0x00800000 ;-; exception syndrome register: 0x00800000 ;-; program interrupt: illegal instruction......0 ;-; program interrupt: illegal instruction......0 ;-; data address: 0x00000002 ;-; exception syndrome register: 0x00800000 ;-; machine check: i-fetch......................0 ;-; data store interrupt caused by dcbf.........0 ;-; machine check: i-fetch......................0 ;-; data store interrupt caused by dcbf.........0 ;-; program interrupt: illegal instruction......0 ;-; program interrupt: illegal instruction......0 ;-; program interrupt: privileged instruction...0 ;-; program interrupt: privileged instruction...0 ;-; program interrupt: trap instruction.........0 ;-; program interrupt: imprecise exception......0 ;-; store operation.............................1 ;-; store operation.............................1 ;-; machine state register: 0x00002000 ;-; data store interrupt caused by icbi.........0 ;-; problem state (0=sup,1=usr).......0 ;-; data store interrupt caused by icbi.........0 ;-; data store interrupt caused by icbi.........0 ;-; floating point instr. enabled.....1 ;-; floating point instr. enabled.....1 ;-; floating point instr. enabled.....1 ;-; auxiliary processor.........................0 ;-; machine check enable..............0 ;-; machine check enable..............0 ;-; floating pt ex mode 0 enable......0 ;-; program interrupt: unimplemented operation..0 ;-; debug interrupt enable............0 ;-; floating pt ex mode 1 enable......0 ;-; byte ordering exception.....................0 ;-; byte ordering exception.....................0 ;-; data address space................0 ;-; data address space................0 ;-; program interrupt: imprecise exception......0 ;-; core configuration register: 0x00002000 ;-; program interrupt: imprecise exception......0 ;-; program interrupt: fp cr update.............0 ;-; guaranteed instruction cache block touch.0 ;-; guaranteed instruction cache block touch.0 ;-; program interrupt: fp cr field .............0 ;-; program interrupt: fp cr field .............0 ;-; program interrupt: fp cr field .............0 ;-; guaranteed data cache block touch........1 ;-; program interrupt: fp cr field .............0 ;-; force load/store alignment...............0 ;-; icache prefetch depth....................0 ;-; machine state register: 0x00002000 ;-; machine state register: 0x00002000 ;-; icache prefetch threshold................0 ;-; icache prefetch threshold................0 ;-; machine state register: 0x00002000 ;-; wait state enable.................0 ;-; critical input interrupt enable...0 ;-; problem state (0=sup,1=usr).......0 ;-; problem state (0=sup,1=usr).......0 ;-; floating point instr. enabled.....1 ;-; special purpose registers: ;-; lr:00004ed0 cr:28244842 xer:20000002 ctr:00086000 ;-; rts internal error ;-; floating pt ex mode 0 enable......0 ;-; floating pt ex mode 0 enable......0 ;-; debug wait enable.................0 ;-; floating pt ex mode 1 enable......0",1,"[0, 1, 0, 0, 0, 0, 0, 0, 0, 1, 1, 1, 1, 1, 0, 1, 0, 1, 0, 1, 0, 0, 1, 0, 0, 1, 1, 1, 1, 0, 0, 0, 0, 0, 0, 0, 0, 0, 0, 0, 0, 0, 0, 0, 0, 0, 0, 0, 0, 0, 0, 0, 0, 0, 0, 0, 0, 0, 0, 0, 0, 0, 0, 0, 0, 0, 0, 0, 0, 0, 0, 0, 0, 0, 0, 0, 0, 0, 0, 0, 0, 0, 0, 0, 0, 0, 0, 0, 0, 0, 0, 0, 0, 0, 0, 0, 0, 0, 0, 0]",100
"instruction address space.........0 ;-; data address space................0 ;-; data address space................0 ;-; data address space................0 ;-; core configuration register: 0x00002000 ;-; core configuration register: 0x00002000 ;-; core configuration register: 0x00002000 ;-; core configuration register: 0x00002000 ;-; core configuration register: 0x00002000 ;-; core configuration register: 0x00002000 ;-; disable store gathering..................0 ;-; disable store gathering..................0 ;-; disable store gathering..................0 ;-; generating core.42 ;-; total of 1 ddr error(s) detected and corrected ;-; generating core.145 ;-; instruction cache parity error corrected ;-; instruction cache parity error corrected ;-; instruction cache parity error corrected ;-; instruction cache parity error corrected ;-; instruction cache parity error corrected ;-; instruction cache parity error corrected ;-; generating core.1978 ;-; generating core.2040 ;-; generating core.15 ;-; instruction cache parity error corrected ;-; instruction cache parity error corrected ;-; instruction cache parity error corrected ;-; instruction cache parity error corrected ;-; instruction cache parity error corrected ;-; instruction cache parity error corrected ;-; instruction cache parity error corrected ;-; generating core.16218 ;-; instruction cache parity error corrected ;-; instruction cache parity error corrected ;-; generating core.8531 ;-; generating core.2961 ;-; generating core.15966 ;-; generating core.42 ;-; generating core.93 ;-; generating core.2605 ;-; generating core.6037 ;-; generating core.886 ;-; generating core.3053 ;-; generating core.2790 ;-; ciod: failed to read message prefix on control stream (CioStream socket to 172.16.96.116:51706 ;-; instruction cache parity error corrected ;-; generating core.1488 ;-; CE sym 2, at 0x0b85f680, mask 0x0e ;-; generating core.2186 ;-; generating core.978 ;-; generating core.2808 ;-; generating core.2486 ;-; generating core.334 ;-; generating core.5401 ;-; generating core.14418 ;-; generating core.2558 ;-; generating core.9785 ;-; generating core.4614 ;-; generating core.7615 ;-; generating core.15935 ;-; ciod: Error loading /home/draeger/testQboxhang-nozerobytebug-nosleepyescomm: invalid or missing program image, No such file or directory ;-; ciod: Error creating node map from file /p/gb2/cabot/miranda/newmaps/8k_128x64x1_8x4x4.map: No child processes ;-; CE sym 0, at 0x1b858280, mask 0x40 ;-; generating core.8089 ;-; generating core.4660 ;-; generating core.721 ;-; generating core.5287 ;-; generating core.783 ;-; 1 ddr errors(s) detected and corrected on rank 0, symbol 17, bit 1 ;-; instruction cache parity error corrected ;-; ciod: Error loading ./runtime_malloc: invalid or missing program image, No such file or directory ;-; instruction cache parity error corrected ;-; 199680 double-hummer alignment exceptions ;-; 1969920 double-hummer alignment exceptions ;-; 2576000 double-hummer alignment exceptions ;-; 2576000 double-hummer alignment exceptions ;-; 6182400 double-hummer alignment exceptions ;-; 6182400 double-hummer alignment exceptions ;-; 6182400 double-hummer alignment exceptions ;-; 3091200 double-hummer alignment exceptions ;-; 3091200 double-hummer alignment exceptions ;-; 3091200 double-hummer alignment exceptions ;-; CE sym 12, at 0x1b786f60, mask 0x04 ;-; CE sym 0, at 0x1b8584e0, mask 0x80 ;-; CE sym 23, at 0x03f89c00, mask 0x10 ;-; 23431872 double-hummer alignment exceptions ;-; 259966605 double-hummer alignment exceptions ;-; 255244071 double-hummer alignment exceptions ;-; 259822751 double-hummer alignment exceptions ;-; generating core.24721 ;-; generating core.4184 ;-; generating core.58109 ;-; generating core.9881 ;-; generating core.19579 ;-; generating core.4501 ;-; generating core.50230 ;-; generating core.62516 ;-; generating core.27921 ;-; generating core.16830",1,"[0, 0, 0, 0, 0, 0, 0, 0, 0, 0, 0, 0, 0, 0, 0, 0, 0, 0, 0, 0, 0, 0, 0, 0, 0, 0, 0, 0, 0, 0, 0, 0, 0, 0, 0, 0, 0, 0, 0, 0, 0, 0, 0, 0, 0, 1, 0, 0, 0, 0, 0, 0, 0, 0, 0, 0, 0, 0, 0, 0, 0, 0, 1, 0, 0, 0, 0, 0, 0, 0, 0, 0, 0, 0, 0, 0, 0, 0, 0, 0, 0, 0, 0, 0, 0, 0, 0, 0, 0, 0, 0, 0, 0, 0, 0, 0, 0, 0, 0, 0]",100
"generating core.9369 ;-; generating core.10140 ;-; generating core.37749 ;-; generating core.9654 ;-; generating core.56155 ;-; generating core.40250 ;-; generating core.45353 ;-; generating core.9578 ;-; generating core.14856 ;-; generating core.62468 ;-; generating core.38415 ;-; generating core.39138 ;-; generating core.10394 ;-; generating core.41347 ;-; generating core.7619 ;-; generating core.54486 ;-; generating core.22421 ;-; generating core.18261 ;-; generating core.58616 ;-; generating core.47736 ;-; generating core.25048 ;-; generating core.58777 ;-; generating core.49137 ;-; generating core.42553 ;-; generating core.2109 ;-; generating core.718 ;-; generating core.10752 ;-; generating core.323 ;-; ciod: Error loading /home/glosli/src/ddcMD/ddcMD/1.1.13/ddcMDbglV: invalid or missing program image, No such file or directory ;-; CE sym 5, at 0x11042a80, mask 0x04 ;-; instruction cache parity error corrected ;-; generating core.21112 ;-; program interrupt ;-; generating core.28370 ;-; program interrupt: illegal instruction......1 ;-; program interrupt: illegal instruction......1 ;-; program interrupt: privileged instruction...0 ;-; data store interrupt caused by dcbf.........0 ;-; data store interrupt caused by icbi.........0 ;-; data store interrupt caused by icbi.........0 ;-; auxiliary processor.........................0 ;-; auxiliary processor.........................0 ;-; auxiliary processor.........................0 ;-; program interrupt: unimplemented operation..0 ;-; program interrupt: imprecise exception......0 ;-; program interrupt: imprecise exception......0 ;-; generating core.14700 ;-; program interrupt ;-; program interrupt ;-; instruction address: 0x0062fe04 ;-; exception syndrome register: 0x08000000 ;-; program interrupt: illegal instruction......1 ;-; program interrupt: privileged instruction...0 ;-; data store interrupt caused by dcbf.........0 ;-; data store interrupt caused by dcbf.........0 ;-; auxiliary processor.........................0 ;-; CE sym 0, at 0x1b8594e0, mask 0x40 ;-; Node card is not fully functional ;-; CE sym 10, at 0x08e70580, mask 0x08 ;-; generating core.1786 ;-; generating core.26918 ;-; generating core.10125 ;-; generating core.4230 ;-; generating core.179 ;-; generating core.1177 ;-; generating core.32693 ;-; generating core.7151 ;-; generating core.7023 ;-; 344040 double-hummer alignment exceptions ;-; 344040 double-hummer alignment exceptions ;-; 344040 double-hummer alignment exceptions ;-; generating core.29308 ;-; generating core.2586 ;-; generating core.6040 ;-; generating core.16904 ;-; generating core.26186 ;-; generating core.26156 ;-; generating core.2112 ;-; generating core.23659 ;-; generating core.1605 ;-; generating core.16483 ;-; generating core.257 ;-; generating core.18751 ;-; generating core.22783 ;-; generating core.8021 ;-; generating core.10734 ;-; generating core.3613 ;-; generating core.1916 ;-; generating core.4246 ;-; generating core.7777 ;-; generating core.5935 ;-; generating core.8691 ;-; generating core.5512 ;-; generating core.1123 ;-; generating core.1641 ;-; CE sym 0, at 0x1b858ca0, mask 0x40 ;-; ciod: Error creating node map from file /p/gb2/welcome3/32k_128x256x1_8x4x4.map: Bad file descriptor ;-; CE sym 0, at 0x1b858280, mask 0x40 ;-; CE sym 22, at 0x049af800, mask 0x02 ;-; generating core.1165",0,"[0, 0, 0, 0, 0, 0, 0, 0, 0, 0, 0, 0, 0, 0, 0, 0, 0, 0, 0, 0, 0, 0, 0, 0, 0, 0, 0, 0, 0, 0, 0, 0, 0, 0, 0, 0, 0, 0, 0, 0, 0, 0, 0, 0, 0, 0, 0, 0, 0, 0, 0, 0, 0, 0, 0, 0, 0, 0, 0, 0, 0, 0, 0, 0, 0, 0, 0, 0, 0, 0, 0, 0, 0, 0, 0, 0, 0, 0, 0, 0, 0, 0, 0, 0, 0, 0, 0, 0, 0, 0, 0, 0, 0, 0, 0, 0, 0, 0, 0, 0]",100
generating core.23615 ;-; generating core.865 ;-; generating core.1626 ;-; generating core.16594 ;-; generating core.30586 ;-; generating core.18540 ;-; generating core.9825 ;-; generating core.6698 ;-; generating core.4525 ;-; generating core.28084 ;-; generating core.6028 ;-; generating core.536 ;-; generating core.15655 ;-; generating core.8628 ;-; generating core.12122 ;-; generating core.2210 ;-; generating core.10312 ;-; generating core.228 ;-; generating core.332 ;-; generating core.15740 ;-; generating core.3389 ;-; Ido chip status changed: FF:F2:9F:16:E2:23:00:0D:60:E9:1D:DC ip=10.0.0.151 v=9 t=4 status=M Fri Jul 01 08:16:53 PDT 2005 ;-; Can not get assembly information for node card ;-; 1146800 double-hummer alignment exceptions ;-; 1146800 double-hummer alignment exceptions ;-; 1146800 double-hummer alignment exceptions ;-; 1146800 double-hummer alignment exceptions ;-; 1146800 double-hummer alignment exceptions ;-; 1146800 double-hummer alignment exceptions ;-; 1146800 double-hummer alignment exceptions ;-; 1146800 double-hummer alignment exceptions ;-; 1146800 double-hummer alignment exceptions ;-; 1146800 double-hummer alignment exceptions ;-; 1146800 double-hummer alignment exceptions ;-; 1146800 double-hummer alignment exceptions ;-; 1146800 double-hummer alignment exceptions ;-; 1146800 double-hummer alignment exceptions ;-; 1146800 double-hummer alignment exceptions ;-; 1146800 double-hummer alignment exceptions ;-; 1146800 double-hummer alignment exceptions ;-; 1146800 double-hummer alignment exceptions ;-; 1146800 double-hummer alignment exceptions ;-; 1146800 double-hummer alignment exceptions ;-; 458720 double-hummer alignment exceptions ;-; 458720 double-hummer alignment exceptions ;-; 458720 double-hummer alignment exceptions ;-; 458720 double-hummer alignment exceptions ;-; 458720 double-hummer alignment exceptions ;-; 458720 double-hummer alignment exceptions ;-; 458720 double-hummer alignment exceptions ;-; 458720 double-hummer alignment exceptions ;-; 1146800 double-hummer alignment exceptions ;-; 1146800 double-hummer alignment exceptions ;-; 1146800 double-hummer alignment exceptions ;-; 1146800 double-hummer alignment exceptions ;-; 1146800 double-hummer alignment exceptions ;-; 1146800 double-hummer alignment exceptions ;-; 1146800 double-hummer alignment exceptions ;-; generating core.1114 ;-; generating core.848 ;-; generating core.2117 ;-; generating core.3293 ;-; generating core.1351 ;-; generating core.17222 ;-; generating core.20392 ;-; generating core.31006 ;-; generating core.20088 ;-; generating core.26993 ;-; generating core.20954 ;-; generating core.6139 ;-; generating core.10185 ;-; generating core.13776 ;-; generating core.19596 ;-; generating core.15557 ;-; generating core.4193 ;-; generating core.7539 ;-; generating core.22024 ;-; generating core.22905 ;-; generating core.24671 ;-; generating core.17853 ;-; generating core.25568 ;-; generating core.23080 ;-; generating core.9739 ;-; generating core.7187 ;-; generating core.23438 ;-; generating core.7881 ;-; generating core.9778 ;-; generating core.7915 ;-; generating core.3006 ;-; generating core.14627 ;-; generating core.2348 ;-; generating core.226 ;-; generating core.1219 ;-; generating core.8877 ;-; generating core.13558 ;-; generating core.404 ;-; ciod: Missing or invalid fields on line 1 of node map file /home/auselton/bgl/64mps.sequential.mapfile ;-; 1 torus receiver z+ input pipe error(s) (dcr 0x02f0) detected and corrected ;-; generating core.631 ;-; generating core.998,0,"[0, 0, 0, 0, 0, 0, 0, 0, 0, 0, 0, 0, 0, 0, 0, 0, 0, 0, 0, 0, 0, 0, 0, 0, 0, 0, 0, 0, 0, 0, 0, 0, 0, 0, 0, 0, 0, 0, 0, 0, 0, 0, 0, 0, 0, 0, 0, 0, 0, 0, 0, 0, 0, 0, 0, 0, 0, 0, 0, 0, 0, 0, 0, 0, 0, 0, 0, 0, 0, 0, 0, 0, 0, 0, 0, 0, 0, 0, 0, 0, 0, 0, 0, 0, 0, 0, 0, 0, 0, 0, 0, 0, 0, 0, 0, 0, 0, 0, 0, 0]",100
generating core.1129 ;-; generating core.424 ;-; generating core.1213 ;-; generating core.1433 ;-; generating core.2950 ;-; generating core.319 ;-; generating core.303 ;-; generating core.1998 ;-; 632431728 double-hummer alignment exceptions ;-; 634368144 double-hummer alignment exceptions ;-; 632254896 double-hummer alignment exceptions ;-; 633283776 double-hummer alignment exceptions ;-; generating core.841 ;-; generating core.815 ;-; generating core.57762 ;-; generating core.3436 ;-; generating core.4592 ;-; generating core.149 ;-; generating core.62507 ;-; generating core.1807 ;-; Node card is not fully functional ;-; ciod: duplicate canonical-rank 31 to logical-rank 0 mapping at line 3 of node map file /p/gb2/pakin1/sweep3d-5x5x400-10mk-3mmi-1024pes-sweep/sweep.map ;-; ciod: Error creating node map from file /p/gb2/pakin1/sweep3d-5x5x400-10mk-3mmi-1024pes-xyzt/xyzt.map: Block device required ;-; generating core.9652 ;-; generating core.11154 ;-; generating core.7571 ;-; generating core.12364 ;-; generating core.13817 ;-; generating core.14349 ;-; generating core.8897 ;-; generating core.7946 ;-; generating core.10299 ;-; generating core.9949 ;-; generating core.12012 ;-; generating core.9051 ;-; generating core.7752 ;-; generating core.10793 ;-; generating core.24671 ;-; generating core.40979 ;-; generating core.18129 ;-; generating core.47738 ;-; generating core.42109 ;-; generating core.6682 ;-; generating core.7672 ;-; generating core.47122 ;-; generating core.17493 ;-; generating core.23664 ;-; generating core.19296 ;-; generating core.6553 ;-; generating core.56320 ;-; generating core.3824 ;-; generating core.5781 ;-; generating core.55191 ;-; generating core.38077 ;-; generating core.41557 ;-; generating core.36539 ;-; generating core.51900 ;-; generating core.33018 ;-; generating core.29433 ;-; generating core.36248 ;-; generating core.41080 ;-; generating core.57878 ;-; generating core.245 ;-; generating core.2315 ;-; generating core.30603 ;-; generating core.17517 ;-; generating core.2633 ;-; generating core.50240 ;-; generating core.10211 ;-; generating core.57863 ;-; generating core.51808 ;-; generating core.59907 ;-; generating core.25382 ;-; generating core.8646 ;-; generating core.7167 ;-; generating core.14589 ;-; generating core.2300 ;-; generating core.14652 ;-; generating core.14807 ;-; generating core.31758 ;-; generating core.7205 ;-; generating core.10247 ;-; generating core.30230 ;-; generating core.2299 ;-; generating core.28666 ;-; generating core.2481 ;-; generating core.52376 ;-; generating core.10930 ;-; generating core.51134 ;-; generating core.5235 ;-; generating core.50841 ;-; generating core.48433 ;-; generating core.34955 ;-; generating core.46408 ;-; generating core.35872 ;-; generating core.133 ;-; generating core.4622 ;-; generating core.58351 ;-; generating core.9158 ;-; generating core.22376,0,"[0, 0, 0, 0, 0, 0, 0, 0, 0, 0, 0, 0, 0, 0, 0, 0, 0, 0, 0, 0, 0, 0, 0, 0, 0, 0, 0, 0, 0, 0, 0, 0, 0, 0, 0, 0, 0, 0, 0, 0, 0, 0, 0, 0, 0, 0, 0, 0, 0, 0, 0, 0, 0, 0, 0, 0, 0, 0, 0, 0, 0, 0, 0, 0, 0, 0, 0, 0, 0, 0, 0, 0, 0, 0, 0, 0, 0, 0, 0, 0, 0, 0, 0, 0, 0, 0, 0, 0, 0, 0, 0, 0, 0, 0, 0, 0, 0, 0, 0, 0]",100
generating core.12329 ;-; generating core.4035 ;-; generating core.15459 ;-; generating core.55384 ;-; generating core.5342 ;-; generating core.46559 ;-; generating core.25604 ;-; generating core.61172 ;-; generating core.25271 ;-; generating core.34015 ;-; generating core.63070 ;-; generating core.31192 ;-; generating core.40344 ;-; generating core.62462 ;-; generating core.40528 ;-; generating core.42234 ;-; generating core.23259 ;-; generating core.24314 ;-; generating core.4180 ;-; generating core.24538 ;-; generating core.26078 ;-; generating core.30706 ;-; generating core.8147 ;-; generating core.57391 ;-; generating core.11784 ;-; generating core.61963 ;-; generating core.33163 ;-; generating core.30275 ;-; generating core.15753 ;-; generating core.7362 ;-; generating core.8575 ;-; generating core.9784 ;-; generating core.11921 ;-; generating core.11879 ;-; generating core.13067 ;-; generating core.13131 ;-; generating core.14071 ;-; generating core.8544 ;-; generating core.8531 ;-; generating core.13946 ;-; generating core.16095 ;-; generating core.7183 ;-; generating core.1988 ;-; generating core.2347 ;-; generating core.2790 ;-; generating core.2573 ;-; generating core.3985 ;-; generating core.13592 ;-; generating core.10019 ;-; generating core.10842 ;-; generating core.8138 ;-; 1365301360 double-hummer alignment exceptions ;-; 1315337824 double-hummer alignment exceptions ;-; 1401390016 double-hummer alignment exceptions ;-; generating core.32657 ;-; generating core.26835 ;-; generating core.28242 ;-; generating core.20970 ;-; generating core.18514 ;-; generating core.19321 ;-; generating core.13753 ;-; generating core.23542 ;-; generating core.28918 ;-; generating core.21145 ;-; generating core.8832 ;-; generating core.20015 ;-; generating core.11564 ;-; generating core.1557 ;-; generating core.5167 ;-; generating core.3111 ;-; generating core.7193 ;-; generating core.5861 ;-; generating core.15425 ;-; generating core.560 ;-; generating core.5760 ;-; generating core.13752 ;-; generating core.10860 ;-; generating core.12536 ;-; generating core.19744 ;-; generating core.8803 ;-; generating core.28238 ;-; generating core.12643 ;-; generating core.12927 ;-; generating core.6917 ;-; generating core.21353 ;-; generating core.17276 ;-; generating core.26955 ;-; generating core.11135 ;-; generating core.6711 ;-; generating core.22283 ;-; generating core.21175 ;-; generating core.28329 ;-; generating core.20367 ;-; generating core.23838 ;-; generating core.16300 ;-; generating core.7623 ;-; generating core.1957 ;-; generating core.3292 ;-; generating core.3249 ;-; generating core.2606,0,"[0, 0, 0, 0, 0, 0, 0, 0, 0, 0, 0, 0, 0, 0, 0, 0, 0, 0, 0, 0, 0, 0, 0, 0, 0, 0, 0, 0, 0, 0, 0, 0, 0, 0, 0, 0, 0, 0, 0, 0, 0, 0, 0, 0, 0, 0, 0, 0, 0, 0, 0, 0, 0, 0, 0, 0, 0, 0, 0, 0, 0, 0, 0, 0, 0, 0, 0, 0, 0, 0, 0, 0, 0, 0, 0, 0, 0, 0, 0, 0, 0, 0, 0, 0, 0, 0, 0, 0, 0, 0, 0, 0, 0, 0, 0, 0, 0, 0, 0, 0]",100
"generating core.2233 ;-; generating core.3959 ;-; generating core.2880 ;-; generating core.3792 ;-; generating core.2971 ;-; generating core.3269 ;-; generating core.24376 ;-; generating core.31435 ;-; generating core.3851 ;-; generating core.20257 ;-; generating core.32257 ;-; generating core.7068 ;-; generating core.4329 ;-; generating core.16600 ;-; generating core.6519 ;-; generating core.15313 ;-; generating core.16623 ;-; generating core.10429 ;-; generating core.32116 ;-; generating core.15924 ;-; CE sym 2, at 0x0d09f1c0, mask 0x80 ;-; ciod: Error loading /home/greeno/raptor.new.dev.3d.BGL.CXX_XL.MPI.ex: invalid or missing program image, No such file or directory ;-; rts panic! - stopping execution ;-; rts panic! - stopping execution ;-; generating core.9079 ;-; generating core.6425 ;-; generating core.3400 ;-; generating core.6711 ;-; generating core.2263 ;-; generating core.9386 ;-; generating core.4061 ;-; generating core.14070 ;-; generating core.14021 ;-; generating core.1715 ;-; generating core.4489 ;-; generating core.2092 ;-; generating core.5967 ;-; total of 1 ddr error(s) detected and corrected ;-; 118661512 double-hummer alignment exceptions ;-; 112099344 double-hummer alignment exceptions ;-; 113170696 double-hummer alignment exceptions ;-; 117400328 double-hummer alignment exceptions ;-; 112762744 double-hummer alignment exceptions ;-; 116130784 double-hummer alignment exceptions ;-; 114147592 double-hummer alignment exceptions ;-; 113622512 double-hummer alignment exceptions ;-; 114059360 double-hummer alignment exceptions ;-; 114091808 double-hummer alignment exceptions ;-; 115325776 double-hummer alignment exceptions ;-; 113982272 double-hummer alignment exceptions ;-; 113355952 double-hummer alignment exceptions ;-; 115193048 double-hummer alignment exceptions ;-; 111990296 double-hummer alignment exceptions ;-; 112625368 double-hummer alignment exceptions ;-; 116249832 double-hummer alignment exceptions ;-; 112481672 double-hummer alignment exceptions ;-; 116332728 double-hummer alignment exceptions ;-; generating core.691 ;-; generating core.52403 ;-; generating core.12883 ;-; generating core.4159 ;-; generating core.5054 ;-; generating core.17150 ;-; generating core.47314 ;-; generating core.5520 ;-; generating core.17817 ;-; generating core.34898 ;-; generating core.47007 ;-; generating core.18363 ;-; generating core.22494 ;-; CE sym 16, at 0x0456cd40, mask 0x04 ;-; generating core.26059 ;-; generating core.17999 ;-; generating core.30671 ;-; generating core.2600 ;-; generating core.15192 ;-; generating core.26224 ;-; generating core.25712 ;-; generating core.22807 ;-; generating core.284 ;-; generating core.5381 ;-; generating core.27051 ;-; generating core.29420 ;-; generating core.8374 ;-; generating core.15966 ;-; generating core.7855 ;-; generating core.2296 ;-; generating core.1103 ;-; generating core.2010 ;-; generating core.3181 ;-; generating core.32010 ;-; generating core.9651 ;-; generating core.10057 ;-; generating core.5939 ;-; generating core.12984 ;-; generating core.17467 ;-; generating core.29367 ;-; generating core.14852 ;-; generating core.4862 ;-; generating core.27323",1,"[0, 0, 0, 0, 0, 0, 0, 0, 0, 0, 0, 0, 0, 0, 0, 0, 0, 0, 0, 0, 0, 0, 1, 1, 0, 0, 0, 0, 0, 0, 0, 0, 0, 0, 0, 0, 0, 0, 0, 0, 0, 0, 0, 0, 0, 0, 0, 0, 0, 0, 0, 0, 0, 0, 0, 0, 0, 0, 0, 0, 0, 0, 0, 0, 0, 0, 0, 0, 0, 0, 0, 0, 0, 0, 0, 0, 0, 0, 0, 0, 0, 0, 0, 0, 0, 0, 0, 0, 0, 0, 0, 0, 0, 0, 0, 0, 0, 0, 0, 0]",100
"generating core.26646 ;-; generating core.5428 ;-; generating core.12212 ;-; generating core.3343 ;-; generating core.19942 ;-; generating core.18324 ;-; generating core.3510 ;-; generating core.17851 ;-; generating core.30632 ;-; generating core.26735 ;-; generating core.18689 ;-; generating core.27698 ;-; generating core.10645 ;-; generating core.5009 ;-; generating core.5785 ;-; generating core.4505 ;-; generating core.27577 ;-; generating core.32755 ;-; generating core.30675 ;-; generating core.11493 ;-; generating core.5671 ;-; generating core.27926 ;-; generating core.15967 ;-; generating core.24172 ;-; generating core.29732 ;-; generating core.17526 ;-; generating core.19481 ;-; generating core.23873 ;-; generating core.14603 ;-; generating core.15737 ;-; generating core.23119 ;-; generating core.14824 ;-; generating core.15648 ;-; generating core.7156 ;-; generating core.22967 ;-; generating core.3980 ;-; generating core.11473 ;-; generating core.13043 ;-; generating core.28011 ;-; generating core.27197 ;-; generating core.27704 ;-; generating core.9337 ;-; generating core.22886 ;-; generating core.22325 ;-; generating core.23998 ;-; ciod: Error creating node map from file /home/pakin1/sweep3d-2.2b/results/random1-8x32x32x2.map: Permission denied ;-; ciod: Z coordinate 32 exceeds physical dimension 32 at line 33 of node map file /p/gb2/pakin1/contention-32768cpes-torus/xyzt-1x1x32768x1.map ;-; generating core.4615 ;-; generating core.1682 ;-; generating core.896 ;-; generating core.4675 ;-; generating core.84 ;-; generating core.1227 ;-; 1 ddr errors(s) detected and corrected on rank 0, symbol 33, bit 7 ;-; generating core.59955 ;-; generating core.38143 ;-; generating core.41718 ;-; generating core.29431 ;-; generating core.33399 ;-; generating core.11379 ;-; generating core.36339 ;-; generating core.42833 ;-; generating core.20595 ;-; generating core.17560 ;-; generating core.17212 ;-; generating core.26131 ;-; generating core.45777 ;-; generating core.62940 ;-; generating core.27867 ;-; generating core.21016 ;-; generating core.465 ;-; generating core.55352 ;-; generating core.44723 ;-; generating core.36787 ;-; generating core.29903 ;-; generating core.33706 ;-; generating core.8879 ;-; generating core.50505 ;-; generating core.29899 ;-; generating core.46536 ;-; generating core.50988 ;-; generating core.22273 ;-; generating core.46157 ;-; generating core.59042 ;-; generating core.29543 ;-; generating core.22119 ;-; generating core.4900 ;-; generating core.30256 ;-; generating core.64146 ;-; generating core.58328 ;-; generating core.20241 ;-; generating core.24337 ;-; generating core.21045 ;-; generating core.47256 ;-; generating core.45183 ;-; generating core.46654 ;-; generating core.21374 ;-; generating core.45880 ;-; generating core.20691 ;-; generating core.45943",0,"[0, 0, 0, 0, 0, 0, 0, 0, 0, 0, 0, 0, 0, 0, 0, 0, 0, 0, 0, 0, 0, 0, 0, 0, 0, 0, 0, 0, 0, 0, 0, 0, 0, 0, 0, 0, 0, 0, 0, 0, 0, 0, 0, 0, 0, 0, 0, 0, 0, 0, 0, 0, 0, 0, 0, 0, 0, 0, 0, 0, 0, 0, 0, 0, 0, 0, 0, 0, 0, 0, 0, 0, 0, 0, 0, 0, 0, 0, 0, 0, 0, 0, 0, 0, 0, 0, 0, 0, 0, 0, 0, 0, 0, 0, 0, 0, 0, 0, 0, 0]",100
"generating core.46425 ;-; generating core.11113 ;-; generating core.5738 ;-; generating core.237 ;-; generating core.47690 ;-; generating core.58120 ;-; generating core.45167 ;-; generating core.17638 ;-; generating core.52833 ;-; generating core.56961 ;-; generating core.43008 ;-; generating core.29025 ;-; generating core.7682 ;-; generating core.14519 ;-; generating core.51421 ;-; generating core.26734 ;-; generating core.39406 ;-; generating core.30886 ;-; generating core.11916 ;-; generating core.25367 ;-; generating core.23150 ;-; generating core.31197 ;-; generating core.29207 ;-; generating core.11244 ;-; generating core.16134 ;-; generating core.14142 ;-; generating core.27997 ;-; generating core.16038 ;-; generating core.7663 ;-; rts: kernel terminated for reason 1001rts: bad message header: invalid cpu, type=42315, cpu=105, index=1207960804, total=2691015 ;-; debug wait enable.................0 ;-; generating core.176 ;-; 8 floating point alignment exceptions ;-; 8 floating point alignment exceptions ;-; 8 floating point alignment exceptions ;-; 8 floating point alignment exceptions ;-; 8 floating point alignment exceptions ;-; 8 floating point alignment exceptions ;-; 8 floating point alignment exceptions ;-; 8 floating point alignment exceptions ;-; 8 floating point alignment exceptions ;-; 8 floating point alignment exceptions ;-; 8 floating point alignment exceptions ;-; 8 floating point alignment exceptions ;-; 8 floating point alignment exceptions ;-; 8 floating point alignment exceptions ;-; 8 floating point alignment exceptions ;-; 8 floating point alignment exceptions ;-; 8 floating point alignment exceptions ;-; 8 floating point alignment exceptions ;-; 8 floating point alignment exceptions ;-; 8 floating point alignment exceptions ;-; 8 floating point alignment exceptions ;-; 8 floating point alignment exceptions ;-; 8 floating point alignment exceptions ;-; 8 floating point alignment exceptions ;-; 8 floating point alignment exceptions ;-; 8 floating point alignment exceptions ;-; 8 floating point alignment exceptions ;-; 8 floating point alignment exceptions ;-; 8 floating point alignment exceptions ;-; 8 floating point alignment exceptions ;-; 8 floating point alignment exceptions ;-; 8 floating point alignment exceptions ;-; 8 floating point alignment exceptions ;-; 8 floating point alignment exceptions ;-; 8 floating point alignment exceptions ;-; 8 floating point alignment exceptions ;-; 8 floating point alignment exceptions ;-; total of 1 ddr error(s) detected and corrected ;-; generating core.7830 ;-; generating core.1781 ;-; generating core.8977 ;-; generating core.12721 ;-; generating core.15193 ;-; generating core.9136 ;-; generating core.9021 ;-; generating core.5927 ;-; generating core.3455 ;-; generating core.3093 ;-; 15 floating point alignment exceptions ;-; 15 floating point alignment exceptions ;-; 15 floating point alignment exceptions ;-; 15 floating point alignment exceptions ;-; generating core.9315 ;-; generating core.7205 ;-; generating core.2241 ;-; generating core.10607 ;-; generating core.6940 ;-; generating core.14911 ;-; generating core.9713 ;-; generating core.28529 ;-; generating core.18632 ;-; generating core.2505 ;-; generating core.24634 ;-; generating core.31691 ;-; generating core.2767 ;-; generating core.29493 ;-; generating core.23425 ;-; 15 floating point alignment exceptions",1,"[0, 0, 0, 0, 0, 0, 0, 0, 0, 0, 0, 0, 0, 0, 0, 0, 0, 0, 0, 0, 0, 0, 0, 0, 0, 0, 0, 0, 0, 1, 0, 0, 0, 0, 0, 0, 0, 0, 0, 0, 0, 0, 0, 0, 0, 0, 0, 0, 0, 0, 0, 0, 0, 0, 0, 0, 0, 0, 0, 0, 0, 0, 0, 0, 0, 0, 0, 0, 0, 0, 0, 0, 0, 0, 0, 0, 0, 0, 0, 0, 0, 0, 0, 0, 0, 0, 0, 0, 0, 0, 0, 0, 0, 0, 0, 0, 0, 0, 0, 0]",100
"1 ddr errors(s) detected and corrected on rank 0, symbol 20, bit 3 ;-; total of 23 ddr error(s) detected and corrected ;-; 5 floating point alignment exceptions ;-; 5 floating point alignment exceptions ;-; 5 floating point alignment exceptions ;-; 15 floating point alignment exceptions ;-; 15 floating point alignment exceptions ;-; 15 floating point alignment exceptions ;-; 15 floating point alignment exceptions ;-; 15 floating point alignment exceptions ;-; 15 floating point alignment exceptions ;-; 15 floating point alignment exceptions ;-; 15 floating point alignment exceptions ;-; 15 floating point alignment exceptions ;-; generating core.7818 ;-; generating core.15063 ;-; 5 floating point alignment exceptions ;-; 5 floating point alignment exceptions ;-; 5 floating point alignment exceptions ;-; 5 floating point alignment exceptions ;-; 5 floating point alignment exceptions ;-; 5 floating point alignment exceptions ;-; 5 floating point alignment exceptions ;-; 5 floating point alignment exceptions ;-; 5 floating point alignment exceptions ;-; 5 floating point alignment exceptions ;-; 5 floating point alignment exceptions ;-; 5 floating point alignment exceptions ;-; generating core.2317 ;-; generating core.12630 ;-; generating core.11357 ;-; generating core.14250 ;-; generating core.10514 ;-; 5 floating point alignment exceptions ;-; generating core.4781 ;-; 5 floating point alignment exceptions ;-; 5 floating point alignment exceptions ;-; 5 floating point alignment exceptions ;-; 5 floating point alignment exceptions ;-; 5 floating point alignment exceptions ;-; 5 floating point alignment exceptions ;-; 685 floating point alignment exceptions ;-; 685 floating point alignment exceptions ;-; 685 floating point alignment exceptions ;-; 685 floating point alignment exceptions ;-; 1005 floating point alignment exceptions ;-; 1005 floating point alignment exceptions ;-; 1005 floating point alignment exceptions ;-; 1005 floating point alignment exceptions ;-; 1005 floating point alignment exceptions ;-; CE sym 25, at 0x155e28e0, mask 0x08 ;-; generating core.16019 ;-; generating core.45168 ;-; generating core.33115 ;-; generating core.4535 ;-; generating core.53271 ;-; generating core.31056 ;-; generating core.62637 ;-; generating core.15977 ;-; generating core.37807 ;-; generating core.38022 ;-; generating core.2704 ;-; generating core.50 ;-; generating core.4012 ;-; generating core.2917 ;-; generating core.114 ;-; generating core.248 ;-; generating core.118 ;-; generating core.469 ;-; generating core.64538 ;-; generating core.37690 ;-; generating core.42905 ;-; generating core.55515 ;-; generating core.46655 ;-; generating core.38843 ;-; generating core.3098 ;-; generating core.45245 ;-; generating core.34256 ;-; generating core.29755 ;-; generating core.50579 ;-; generating core.9997 ;-; generating core.64072 ;-; generating core.25229 ;-; generating core.45674 ;-; generating core.36904 ;-; generating core.59976 ;-; generating core.59977 ;-; generating core.9958 ;-; generating core.19592 ;-; generating core.50086 ;-; generating core.22469 ;-; generating core.63787 ;-; generating core.18084 ;-; generating core.23873 ;-; generating core.2105 ;-; generating core.306 ;-; generating core.11346 ;-; generating core.6161 ;-; 1 ddr errors(s) detected and corrected on rank 0, symbol 11, bit 6 ;-; New ido chip inserted into the database: FF:F2:9F:15:1F:72:00:0D:60:EA:E0:8D ip=10.7.0.13 v=9 t=2",0,"[0, 0, 0, 0, 0, 0, 0, 0, 0, 0, 0, 0, 0, 0, 0, 0, 0, 0, 0, 0, 0, 0, 0, 0, 0, 0, 0, 0, 0, 0, 0, 0, 0, 0, 0, 0, 0, 0, 0, 0, 0, 0, 0, 0, 0, 0, 0, 0, 0, 0, 0, 0, 0, 0, 0, 0, 0, 0, 0, 0, 0, 0, 0, 0, 0, 0, 0, 0, 0, 0, 0, 0, 0, 0, 0, 0, 0, 0, 0, 0, 0, 0, 0, 0, 0, 0, 0, 0, 0, 0, 0, 0, 0, 0, 0, 0, 0, 0, 0, 0]",100
"New ido chip inserted into the database: FF:F2:9F:16:BF:6C:00:0D:60:E9:40:93 ip=10.5.0.46 v=13 t=4 ;-; NodeCard is not fully functional ;-; Node card status: ALERT 0, ALERT 1, ALERT 2, ALERT 3 is (are) active. Clock Mode is Low. Clock Select is Midplane. Phy JTAG Reset is asserted. ASIC JTAG Reset is not asserted. Temperature Mask is not active. No temperature error. Temperature Limit Error Latch is clear. PGOOD is asserted. PGOOD error latch is clear. MPGOOD is OK. MPGOOD error latch is clear. The 2.5 volt rail is OK. The 1.5 volt rail is OK. ;-; Node card VPD check: U11 node in processor card slot J16 do not match. VPD ecid 04DF80A7942FFFFF0C081AE08CD2, found 0000000000000000000000000000 ;-; Can not get assembly information for node card ;-; New ido chip inserted into the database: FF:F2:9F:16:C4:C2:00:0D:60:E9:3B:3D ip=10.2.1.37 v=13 t=4 ;-; Can not get assembly information for node card ;-; idoproxydb hit ASSERT condition: ASSERT expression=0 Source file=idotransportmgr.cpp Source line=1043 Function=int IdoTransportMgr::SendPacket(IdoUdpMgr*, BglCtlPavTrace*) ;-; idoproxydb hit ASSERT condition: ASSERT expression=0 Source file=idotransportmgr.cpp Source line=1043 Function=int IdoTransportMgr::SendPacket(IdoUdpMgr*, BglCtlPavTrace*) ;-; idoproxydb hit ASSERT condition: ASSERT expression=0 Source file=idotransportmgr.cpp Source line=1043 Function=int IdoTransportMgr::SendPacket(IdoUdpMgr*, BglCtlPavTrace*) ;-; idoproxydb hit ASSERT condition: ASSERT expression=0 Source file=idotransportmgr.cpp Source line=1043 Function=int IdoTransportMgr::SendPacket(IdoUdpMgr*, BglCtlPavTrace*) ;-; idoproxydb hit ASSERT condition: ASSERT expression=0 Source file=idotransportmgr.cpp Source line=1043 Function=int IdoTransportMgr::SendPacket(IdoUdpMgr*, BglCtlPavTrace*) ;-; idoproxydb hit ASSERT condition: ASSERT expression=0 Source file=idotransportmgr.cpp Source line=1043 Function=int IdoTransportMgr::SendPacket(IdoUdpMgr*, BglCtlPavTrace*) ;-; idoproxydb hit ASSERT condition: ASSERT expression=0 Source file=idotransportmgr.cpp Source line=1043 Function=int IdoTransportMgr::SendPacket(IdoUdpMgr*, BglCtlPavTrace*) ;-; idoproxydb hit ASSERT condition: ASSERT expression=0 Source file=idotransportmgr.cpp Source line=1043 Function=int IdoTransportMgr::SendPacket(IdoUdpMgr*, BglCtlPavTrace*) ;-; idoproxydb hit ASSERT condition: ASSERT expression=0 Source file=idotransportmgr.cpp Source line=1043 Function=int IdoTransportMgr::SendPacket(IdoUdpMgr*, BglCtlPavTrace*) ;-; Node card status: no ALERTs are active. Clock Mode is Low. Clock Select is Midplane. Phy JTAG Reset is asserted. ASIC JTAG Reset is asserted. Temperature Mask is not active. No temperature error. Temperature Limit Error Latch is clear. PGOOD IS NOT ASSERTED. PGOOD ERROR LATCH IS ACTIVE. MPGOOD IS NOT OK. MPGOOD ERROR LATCH IS ACTIVE. The 2.5 volt rail is OK. The 1.5 volt rail is OK. ;-; Node card VPD check: U01 node in processor card slot J14 do not match. VPD ecid 074C04C10F7BFFFF08051AE08ED2, found 04C180A5D12FFFFF05081BD088E2 ;-; Node card is not fully functional ;-; Node card status: no ALERTs are active. Clock Mode is Low. Clock Select is Midplane. Phy JTAG Reset is asserted. ASIC JTAG Reset is asserted. Temperature Mask is not active. No temperature error. Temperature Limit Error Latch is clear. PGOOD IS NOT ASSERTED. PGOOD ERROR LATCH IS ACTIVE. MPGOOD IS NOT OK. MPGOOD ERROR LATCH IS ACTIVE. The 2.5 volt rail is OK. The 1.5 volt rail is OK. ;-; Ido chip status changed: FF:F2:9F:16:EB:27:00:0D:60:E9:14:D8 ip=10.0.2.192 v=13 t=4 status=M Thu Aug 04 15:29:45 PDT 2005 ;-; Ido chip status changed: FF:F2:9F:15:7E:6E:00:0D:60:EA:81:91 ip=10.0.1.155 v=13 t=1 status=M Thu Aug 04 15:31:25 PDT 2005 ;-; CE sym 27, at 0x11b3f3c0, mask 0x10 ;-; PrepareForService shutting down NodeCard(mLctn(R25-M1-N2), mCardSernum(203231503833343000000000594c31304b34333431303158), mLp(FF:F2:9F:16:CF:0F:00:0D:60:E9:30:F0), mIp(10.2.2.80), mType(4)) as part of Service Action 310 ;-; Ido chip status changed: FF:F2:9F:16:DC:81:00:0D:60:E9:23:7E ip=10.6.1.207 v=13 t=4 status=M Tue Aug 09 10:08:23 PDT 2005 ;-; Can not get assembly information for node card ;-; Can not get assembly information for node card ;-; Node card is not fully functional ;-; Can not get assembly information for node card ;-; Node card is not fully functional ;-; Node card status: no ALERTs are active. Clock Mode is Low. Clock Select is Midplane. Phy JTAG Reset is asserted. ASIC JTAG Reset is asserted. Temperature Mask is not active. No temperature error. Temperature Limit Error Latch is clear. PGOOD IS NOT ASSERTED. PGOOD ERROR LATCH IS ACTIVE. MPGOOD IS NOT OK. MPGOOD ERROR LATCH IS ACTIVE. The 2.5 volt rail is OK. The 1.5 volt rail is OK. ;-; rts tree/torus link training failed: wanted: B C X+ X- Y+ Y- Z+ Z- got: B C X- Y- Z+ Z- ;-; CE sym 18, at 0x0e0272e0, mask 0x10 ;-; 1 tree receiver 2 in re-synch state event(s) (dcr 0x019a) detected ;-; total of 1 ddr error(s) detected and corrected ;-; CE sym 8, at 0x0a2ae600, mask 0x10 ;-; CE sym 28, at 0x0fe65820, mask 0x04 ;-; CE sym 25, at 0x10e1b8a0, mask 0x10 ;-; ciod: Error loading /bgl/apps/scaletest/performance/MINIBEN/mb_243_0810/allreduce.rts: invalid or missing program image, Exec format error ;-; ciod: Error loading /bgl/apps/scaletest/performance/MINIBEN/mb_243_0810/allreduce.rts: invalid or missing program image, Exec format error ;-; ciod: Error loading /bgl/apps/scaletest/performance/MINIBEN/mb_243_0810/allreduce.rts: invalid or missing program image, Exec format error ;-; ciod: Error loading /bgl/apps/scaletest/performance/MINIBEN/mb_243_0810/allreduce.rts: invalid or missing program image, Exec format error ;-; ciod: Error loading /bgl/apps/scaletest/performance/MINIBEN/mb_243_0810/allreduce.rts: invalid or missing program image, Exec format error ;-; ciod: Error loading /bgl/apps/scaletest/performance/MINIBEN/mb_243_0810/allreduce.rts: invalid or missing program image, Exec format error ;-; ciod: Error loading /bgl/apps/scaletest/performance/MINIBEN/mb_243_0810/allreduce.rts: invalid or missing program image, Exec format error ;-; ciod: Error loading /bgl/apps/scaletest/performance/MINIBEN/mb_243_0810/allreduce.rts: invalid or missing program image, Exec format error ;-; ciod: Error loading /bgl/apps/scaletest/performance/MINIBEN/mb_243_0810/allreduce.rts: invalid or missing program image, Exec format error ;-; ciod: Error loading /bgl/apps/scaletest/performance/MINIBEN/mb_243_0810/allreduce.rts: invalid or missing program image, Exec format error ;-; ciod: Error loading /bgl/apps/scaletest/performance/MINIBEN/mb_243_0810/allreduce.rts: invalid or missing program image, Exec format error ;-; ciod: Error loading /bgl/apps/scaletest/performance/MINIBEN/mb_243_0810/allreduce.rts: invalid or missing program image, Exec format error ;-; ciod: Error loading /bgl/apps/scaletest/performance/MINIBEN/mb_243_0810/allreduce.rts: invalid or missing program image, Exec format error ;-; ciod: Error loading /bgl/apps/scaletest/performance/MINIBEN/mb_243_0810/allreduce.rts: invalid or missing program image, Exec format error ;-; ciod: Error loading /bgl/apps/scaletest/performance/MINIBEN/mb_243_0810/allreduce.rts: invalid or missing program image, Exec format error ;-; ciod: LOGIN chdir(pwd) failed: No such file or directory ;-; ciod: LOGIN chdir(pwd) failed: No such file or directory ;-; ciod: Error loading /bgl/apps/scaletest/stability/MDCASK/WORK/65576/inferno: invalid or missing program image, No such file or directory ;-; ciod: Error reading message prefix after LOAD_MESSAGE on CioStream socket to 172.16.96.116:42213: Link has been severed ;-; ciod: Missing or invalid fields on line 1 of node map file /home/auselton/bgl/mapfiles/bgl.128mps.f64.map ;-; rts: kernel terminated for reason 1003 ;-; rts: kernel terminated for reason 1004 ;-; CE sym 22, at 0x009c14e0, mask 0x20 ;-; total of 1 ddr error(s) detected and corrected ;-; ciod: LOGIN chdir(/p/bg1/da) failed: No such file or directory ;-; ciod: generated 64 core files for program /bgl/apps/swl-prep/ibm-swl/functional/sppm_chkpt/run/sppm ;-; ciod: generated 64 core files for program /bgl/apps/swl-prep/ibm-swl/functional/sppm_chkpt/run/sppm ;-; ciod: generated 64 core files for program /bgl/apps/swl-prep/ibm-swl/functional/sppm_chkpt/run/sppm ;-; 1 ddr errors(s) detected and corrected on rank 0, symbol 10, bit 0 ;-; ciod: generated 1 core files for program /bgl/apps/swl-prep/ibm-swl/functional/sppm_chkpt/run/sppm ;-; ciod: generated 64 core files for program /bgl/apps/swl-prep/ibm-swl/functional/sppm_chkpt/run/sppm ;-; CE sym 3, at 0x0b19b8a0, mask 0x08 ;-; CE sym 20, at 0x180462c0, mask 0x02 ;-; ciod: LOGIN chdir(/home/germann2/SPaSM_static) failed: No such file or directory ;-; ciod: generated 128 core files for program /home/germann2/BGL-demo/SPaSM_mpi ;-; ciod: generated 128 core files for program /home/germann2/BGL-demo/SPaSM_mpi ;-; ciod: generated 128 core files for program /home/germann2/BGL-demo/SPaSM_mpi ;-; ciod: generated 128 core files for program /home/germann2/BGL-demo/SPaSM_mpi ;-; ciod: generated 128 core files for program /home/germann2/BGL-demo/SPaSM_mpi ;-; ciod: generated 128 core files for program /home/germann2/BGL-demo/SPaSM_mpi ;-; ciod: LOGIN chdir(/home/germann2/BGL-demo) failed: No such file or directory ;-; ciod: generated 128 core files for program /home/germann2/BGL-demo/SPaSM_mpi ;-; ciod: generated 128 core files for program /home/germann2/BGL-demo/SPaSM_mpi ;-; total of 1 ddr error(s) detected and corrected ;-; iar 003a90fc dear 00b360e8 ;-; iar 003a90dc dear 00b35148 ;-; iar 003a90fc dear 00b35db8 ;-; iar 003a9108 dear 00c07348 ;-; 2201500 double-hummer alignment exceptions ;-; 2201500 double-hummer alignment exceptions ;-; iar 003a9294 dear 00c06c48 ;-; iar 003a92a0 dear 00b36898 ;-; 1547520 double-hummer alignment exceptions ;-; iar 003a9260 dear 00efe838 ;-; iar 003a9260 dear 00efcbc8 ;-; iar 003a929c dear 00efc768 ;-; iar 003a929c dear 00efd448 ;-; iar 003a92a0 dear 00efd358 ;-; iar 003a92a0 dear 00fcc6b8 ;-; iar 003a92a0 dear 00efd518 ;-; iar 003a9254 dear 00f05688 ;-; iar 003a9254 dear 00f07a88",1,"[0, 0, 0, 0, 0, 0, 0, 0, 0, 0, 0, 0, 0, 0, 0, 0, 0, 0, 0, 0, 0, 0, 0, 0, 0, 0, 0, 0, 0, 0, 0, 0, 0, 0, 0, 0, 0, 0, 0, 0, 0, 0, 0, 0, 0, 0, 0, 0, 0, 0, 0, 0, 0, 0, 0, 0, 1, 0, 1, 1, 0, 0, 0, 0, 0, 0, 0, 0, 0, 0, 0, 0, 0, 0, 0, 0, 0, 0, 0, 0, 0, 0, 0, 0, 0, 0, 0, 0, 0, 0, 0, 0, 0, 0, 0, 0, 0, 0, 0, 0]",100
"3095040 double-hummer alignment exceptions ;-; iar 003a9260 dear 012924f8 ;-; iar 003a9260 dear 0128f2f8 ;-; iar 003a9260 dear 0128fc88 ;-; iar 003a9260 dear 01290878 ;-; 773760 double-hummer alignment exceptions ;-; iar 003a929c dear 01291228 ;-; iar 003a929c dear 01291708 ;-; iar 003a92a0 dear 013611f8 ;-; iar 003a92a0 dear 012902f8 ;-; iar 003a9260 dear 00ef83b8 ;-; iar 003a9254 dear 01299f08 ;-; iar 003a9260 dear 00ef6c38 ;-; iar 003a9258 dear 0136bd38 ;-; 1524480 double-hummer alignment exceptions ;-; 1524480 double-hummer alignment exceptions ;-; 1524480 double-hummer alignment exceptions ;-; iar 003a9260 dear 012979b8 ;-; iar 003a9260 dear 0129a9a8 ;-; iar 003a9260 dear 01299e48 ;-; iar 003a929c dear 0136b2d8 ;-; iar 003a9260 dear 00e24bd8 ;-; iar 003a9260 dear 00f2a468 ;-; iar 003a92a0 dear 0129a488 ;-; iar 003a9260 dear 00f29b68 ;-; iar 003a926c dear 00f2b078 ;-; CE sym 0, at 0x12af93a0, mask 0x08 ;-; 1 ddr errors(s) detected and corrected on rank 0, symbol 28, bit 3 ;-; CE sym 23, at 0x03f89c00, mask 0x10 ;-; Node card status: no ALERTs are active. Clock Mode is Low. Clock Select is Midplane. Phy JTAG Reset is asserted. ASIC JTAG Reset is asserted. Temperature Mask is not active. No temperature error. Temperature Limit Error Latch is clear. PGOOD IS NOT ASSERTED. PGOOD ERROR LATCH IS ACTIVE. MPGOOD IS NOT OK. MPGOOD ERROR LATCH IS ACTIVE. The 2.5 volt rail is OK. The 1.5 volt rail is OK. ;-; CE sym 10, at 0x01d7a160, mask 0x10 ;-; 156055738 double-hummer alignment exceptions ;-; 147337410 double-hummer alignment exceptions ;-; 139632470 double-hummer alignment exceptions ;-; 155918940 double-hummer alignment exceptions ;-; iar 00149fc0 dear 00739d98 ;-; iar 0014a150 dear 0072b9f8 ;-; iar 0014a150 dear 00719fc8 ;-; 28298332 double-hummer alignment exceptions ;-; 23768676 double-hummer alignment exceptions ;-; 34253552 double-hummer alignment exceptions ;-; 35050330 double-hummer alignment exceptions ;-; 35418742 double-hummer alignment exceptions ;-; 47332148 double-hummer alignment exceptions ;-; 39190074 double-hummer alignment exceptions ;-; 30646810 double-hummer alignment exceptions ;-; 36833864 double-hummer alignment exceptions ;-; 24669022 double-hummer alignment exceptions ;-; 38029258 double-hummer alignment exceptions ;-; 39309752 double-hummer alignment exceptions ;-; 27901852 double-hummer alignment exceptions ;-; 41097026 double-hummer alignment exceptions ;-; 54600944 double-hummer alignment exceptions ;-; 32888202 double-hummer alignment exceptions ;-; iar 0014a150 dear 0098d458 ;-; iar 0014a150 dear 0098e178 ;-; iar 0014a150 dear 00998588 ;-; iar 0014a150 dear 00991c88 ;-; iar 00149ee0 dear 009a2788 ;-; iar 00149f88 dear 0099be48 ;-; iar 0014a150 dear 00a53af8 ;-; iar 0014a150 dear 009b9288 ;-; iar 0014a150 dear 009a50f8 ;-; iar 0014a150 dear 0098cdc8 ;-; iar 00149ee0 dear 0099e5e8 ;-; iar 0014a150 dear 00991c88 ;-; iar 0014a150 dear 009829b8 ;-; iar 00149f88 dear 00996f88 ;-; iar 0014a1e4 dear 0099e6c8 ;-; iar 0014a150 dear 009a2998 ;-; NFS Mount failed on bglio716, slept 15 seconds, retrying (1) ;-; NFS Mount failed on bglio91, slept 15 seconds, retrying (1) ;-; CE sym 26, at 0x07a95e80, mask 0x10 ;-; 3 ddr errors(s) detected and corrected on rank 0, symbol 18, bit 0 ;-; ciod: generated 64 core files for program IMB-MPI1.2MB_perf ;-; CE sym 35, at 0x1317cee0, mask 0x10 ;-; Lustre mount FAILED : bglio559 : point /p/gb1 ;-; Lustre mount FAILED : bglio344 : point /p/gb1 ;-; 4 ddr errors(s) detected and corrected on rank 0, symbol 29, bit 4 ;-; ciod: LOGIN chdir(/bglscratch/bwallen/SWL/SYS-CALLS/testcases/kernel/syscalls/truncate) failed: No such file or directory ;-; Lustre mount FAILED : bglio46 : point /p/gb1 ;-; Lustre mount FAILED : bglio136 : point /p/gb1 ;-; Lustre mount FAILED : bglio75 : point /p/gb1 ;-; Node card VPD check: U11 node in processor card slot J18 do not match. VPD ecid 04CC81389C2FFFFF03071B7048DF, found 04D780871F2FFFFF08031BD046E2 ;-; 1 torus receiver x+ input pipe error(s) (dcr 0x02ec) detected and corrected ;-; ciod: LOGIN chdir(/LAPACK_440d/BLAS) failed: No such file or directory ;-; Lustre mount FAILED : bglio736 : point /p/gb1 ;-; CE sym 33, at 0x00dbd200, mask 0x80 ;-; CE sym 26, at 0x146ad540, mask 0x10 ;-; Lustre mount FAILED : bglio336 : point /p/gb1 ;-; CE sym 21, at 0x04d64dc0, mask 0x80 ;-; Lustre mount FAILED : bglio23 : point /p/gb1 ;-; ciod: pollControlDescriptors: Detected the debugger died. ;-; ciod: In packet from node 91.0 (R62-M1-Nf-C:J03-U11), message code 2 is not 3 or 4294967295 (softheader=003b005b 00030000 00000001 00000000) ;-; 1 torus receiver y+ input pipe error(s) (dcr 0x02ee) detected and corrected ;-; 1 ddr errors(s) detected and corrected on rank 0, symbol 3, bit 6 ;-; CE sym 6, at 0x1880a8e0, mask 0x40 ;-; ciod: Error loading /bgl/apps/swl-prep/rky-swl/MPI-PERF/IMB/perf_tests/IMB-MPI1.5124KB: invalid or missing program image, No such file or directory ;-; ciod: Error reading message prefix after LOAD_MESSAGE on CioStream socket to 172.16.96.116:45713: Link has been severed ;-; suppressing further interrupts of same type",1,"[0, 0, 0, 0, 0, 0, 0, 0, 0, 0, 0, 0, 0, 0, 0, 0, 0, 0, 0, 0, 0, 0, 0, 0, 0, 0, 0, 0, 0, 0, 0, 0, 0, 0, 0, 0, 0, 0, 0, 0, 0, 0, 0, 0, 0, 0, 0, 0, 0, 0, 0, 0, 0, 0, 0, 0, 0, 0, 0, 0, 0, 0, 0, 0, 0, 0, 0, 0, 0, 0, 0, 0, 0, 0, 0, 0, 1, 1, 0, 0, 1, 1, 1, 0, 0, 0, 1, 0, 0, 1, 0, 1, 0, 0, 0, 0, 0, 0, 1, 0]",100
"ciod: Error reading message prefix after LOAD_MESSAGE on CioStream socket to 172.16.96.116:41304: Link has been severed ;-; ciod: Error reading message prefix after LOAD_MESSAGE on CioStream socket to 172.16.96.116:41217: Link has been severed ;-; total of 1 ddr error(s) detected and corrected ;-; Lustre mount FAILED : bglio388 : point /p/gb1 ;-; ciod: Error reading message prefix after LOAD_MESSAGE on CioStream socket to 172.16.96.116:37916: Link has been severed ;-; CE sym 25, at 0x1a544020, mask 0x40 ;-; Ido chip status changed: FF:F2:9F:15:7B:E0:00:0D:60:EA:84:1F ip=10.7.0.130 v=13 t=1 status=M Sat Sep 17 07:49:04 PDT 2005 ;-; Node card status: no ALERTs are active. Clock Mode is Low. Clock Select is Midplane. Phy JTAG Reset is asserted. ASIC JTAG Reset is asserted. Temperature Mask is not active. No temperature error. Temperature Limit Error Latch is clear. PGOOD IS NOT ASSERTED. PGOOD ERROR LATCH IS ACTIVE. MPGOOD IS NOT OK. MPGOOD ERROR LATCH IS ACTIVE. The 2.5 volt rail is OK. The 1.5 volt rail is OK. ;-; CE sym 9, at 0x123b6ca0, mask 0x20 ;-; ciod: LOGIN chdir(/home/spelce1/UMT2K/umt2k/ckpt_umt2k_src/TEST/NEW_TEST) failed: No such file or directory ;-; ciod: LOGIN chdir(/home/spelce1/UMT2K/umt2k/ckpt_umt2k_src/TEST/NEW_TEST) failed: No such file or directory ;-; CE sym 8, at 0x0a2ae600, mask 0x10 ;-; ciod: LOGIN chdir(/home/yates/SWL_tests/BGL64k_SWL_tests_develop/MPI-VAL/MPITs_v050902/rundir) failed: No such file or directory ;-; Node card VPD check: U01 node in processor card slot J15 do not match. VPD ecid 04DE7DB80D7BFFFF04051B70D8D9, found 04DE7DF2D37BFFFF09081B6088D9 ;-; idoproxydb hit ASSERT condition: ASSERT expression=0 Source file=idotransportmgr.cpp Source line=1043 Function=int IdoTransportMgr::SendPacket(IdoUdpMgr*, BglCtlPavTrace*) ;-; idoproxydb hit ASSERT condition: ASSERT expression=0 Source file=idotransportmgr.cpp Source line=1043 Function=int IdoTransportMgr::SendPacket(IdoUdpMgr*, BglCtlPavTrace*) ;-; idoproxydb hit ASSERT condition: ASSERT expression=0 Source file=idotransportmgr.cpp Source line=1043 Function=int IdoTransportMgr::SendPacket(IdoUdpMgr*, BglCtlPavTrace*) ;-; idoproxydb hit ASSERT condition: ASSERT expression=0 Source file=idotransportmgr.cpp Source line=1043 Function=int IdoTransportMgr::SendPacket(IdoUdpMgr*, BglCtlPavTrace*) ;-; idoproxydb hit ASSERT condition: ASSERT expression=0 Source file=idotransportmgr.cpp Source line=1043 Function=int IdoTransportMgr::SendPacket(IdoUdpMgr*, BglCtlPavTrace*) ;-; idoproxydb hit ASSERT condition: ASSERT expression=0 Source file=idotransportmgr.cpp Source line=1043 Function=int IdoTransportMgr::SendPacket(IdoUdpMgr*, BglCtlPavTrace*) ;-; idoproxydb hit ASSERT condition: ASSERT expression=0 Source file=idotransportmgr.cpp Source line=1043 Function=int IdoTransportMgr::SendPacket(IdoUdpMgr*, BglCtlPavTrace*) ;-; idoproxydb hit ASSERT condition: ASSERT expression=0 Source file=idotransportmgr.cpp Source line=1043 Function=int IdoTransportMgr::SendPacket(IdoUdpMgr*, BglCtlPavTrace*) ;-; idoproxydb hit ASSERT condition: ASSERT expression=0 Source file=idotransportmgr.cpp Source line=1043 Function=int IdoTransportMgr::SendPacket(IdoUdpMgr*, BglCtlPavTrace*) ;-; idoproxydb hit ASSERT condition: ASSERT expression=0 Source file=idotransportmgr.cpp Source line=1043 Function=int IdoTransportMgr::SendPacket(IdoUdpMgr*, BglCtlPavTrace*) ;-; idoproxydb hit ASSERT condition: ASSERT expression=0 Source file=idotransportmgr.cpp Source line=1043 Function=int IdoTransportMgr::SendPacket(IdoUdpMgr*, BglCtlPavTrace*) ;-; idoproxydb hit ASSERT condition: ASSERT expression=0 Source file=idotransportmgr.cpp Source line=1043 Function=int IdoTransportMgr::SendPacket(IdoUdpMgr*, BglCtlPavTrace*) ;-; idoproxydb hit ASSERT condition: ASSERT expression=0 Source file=idotransportmgr.cpp Source line=1043 Function=int IdoTransportMgr::SendPacket(IdoUdpMgr*, BglCtlPavTrace*) ;-; idoproxydb hit ASSERT condition: ASSERT expression=0 Source file=idotransportmgr.cpp Source line=1043 Function=int IdoTransportMgr::SendPacket(IdoUdpMgr*, BglCtlPavTrace*) ;-; idoproxydb hit ASSERT condition: ASSERT expression=0 Source file=idotransportmgr.cpp Source line=1043 Function=int IdoTransportMgr::SendPacket(IdoUdpMgr*, BglCtlPavTrace*) ;-; idoproxydb hit ASSERT condition: ASSERT expression=0 Source file=idotransportmgr.cpp Source line=1043 Function=int IdoTransportMgr::SendPacket(IdoUdpMgr*, BglCtlPavTrace*) ;-; idoproxydb hit ASSERT condition: ASSERT expression=0 Source file=idotransportmgr.cpp Source line=1043 Function=int IdoTransportMgr::SendPacket(IdoUdpMgr*, BglCtlPavTrace*) ;-; idoproxydb hit ASSERT condition: ASSERT expression=0 Source file=idotransportmgr.cpp Source line=1043 Function=int IdoTransportMgr::SendPacket(IdoUdpMgr*, BglCtlPavTrace*) ;-; idoproxydb hit ASSERT condition: ASSERT expression=0 Source file=idotransportmgr.cpp Source line=1043 Function=int IdoTransportMgr::SendPacket(IdoUdpMgr*, BglCtlPavTrace*) ;-; idoproxydb hit ASSERT condition: ASSERT expression=0 Source file=idotransportmgr.cpp Source line=1043 Function=int IdoTransportMgr::SendPacket(IdoUdpMgr*, BglCtlPavTrace*) ;-; idoproxydb hit ASSERT condition: ASSERT expression=0 Source file=idotransportmgr.cpp Source line=1043 Function=int IdoTransportMgr::SendPacket(IdoUdpMgr*, BglCtlPavTrace*) ;-; idoproxydb hit ASSERT condition: ASSERT expression=0 Source file=idotransportmgr.cpp Source line=1043 Function=int IdoTransportMgr::SendPacket(IdoUdpMgr*, BglCtlPavTrace*) ;-; idoproxydb hit ASSERT condition: ASSERT expression=0 Source file=idotransportmgr.cpp Source line=1043 Function=int IdoTransportMgr::SendPacket(IdoUdpMgr*, BglCtlPavTrace*) ;-; idoproxydb hit ASSERT condition: ASSERT expression=0 Source file=idotransportmgr.cpp Source line=1043 Function=int IdoTransportMgr::SendPacket(IdoUdpMgr*, BglCtlPavTrace*) ;-; Node card VPD check: U11 node in processor card slot J17 do not match. VPD ecid 04D97DB7937BFFFF05071B7054DA, found 04D081A3892FFFFF0D0B1C505AF3 ;-; Node card VPD check: U01 node in processor card slot J08 do not match. VPD ecid 075F04E8A27BFFFF07021C3096ED, found 04D78137922FFFFF040E1C3052ED ;-; idoproxydb hit ASSERT condition: ASSERT expression=0 Source file=idotransportmgr.cpp Source line=1043 Function=int IdoTransportMgr::SendPacket(IdoUdpMgr*, BglCtlPavTrace*) ;-; idoproxydb hit ASSERT condition: ASSERT expression=0 Source file=idotransportmgr.cpp Source line=1043 Function=int IdoTransportMgr::SendPacket(IdoUdpMgr*, BglCtlPavTrace*) ;-; ciod: Error loading /home/yates//bandwidth.rts: invalid or missing program image, No such file or directory ;-; ciod: Error loading /home/yates//torus-latency.rts: invalid or missing program image, No such file or directory ;-; ciod: Error loading /home/yates//torus-latency.rts: invalid or missing program image, No such file or directory ;-; ciod: Error loading /home/yates//torus-latency.rts: invalid or missing program image, No such file or directory ;-; ciod: Error loading /home/yates//broadcast.rts: invalid or missing program image, No such file or directory ;-; rts: bad message header: expecting type 57 instead of type 3 (softheader=00131db8 81aa0003 00000002 00000000) PSR0=00001f01 PSR1=00000000 PRXF=00000002 PIXF=00000007 ;-; ciod: Error loading /bgl/apps/SWL/performance/MINIBEN//bandwidth.rts: invalid or missing program image, No such file or directory ;-; ciod: Error loading /bgl/apps/SWL/performance/MINIBEN//torus-latency.rts: invalid or missing program image, No such file or directory ;-; ciod: LOGIN chdir(/bgl/apps/SWL/performance/MINIBEN///2005.09.20-18.06.05) failed: No such file or directory ;-; ciod: LOGIN chdir(/bgl/apps/SWL/performance/MINIBEN///2005.09.20-18.06.05) failed: No such file or directory ;-; ciod: LOGIN chdir(/bgl/apps/SWL/performance/MINIBEN///2005.09.20-18.06.01) failed: No such file or directory ;-; ciod: LOGIN chdir(/bgl/apps/SWL/performance/MINIBEN///2005.09.20-18.06.08) failed: No such file or directory ;-; ciod: LOGIN chdir(/bgl/apps/SWL/performance/MINIBEN///2005.09.20-18.06.01) failed: No such file or directory ;-; CE sym 29, at 0x14123c20, mask 0x08 ;-; total of 1 ddr error(s) detected and corrected ;-; 1 ddr errors(s) detected and corrected on rank 0, symbol 35, bit 1 ;-; CE sym 26, at 0x022c3fc0, mask 0x40 ;-; total of 4 ddr error(s) detected and corrected ;-; CE sym 27, at 0x166a9f20, mask 0x02 ;-; CE sym 21, at 0x13d38aa0, mask 0x40 ;-; CE sym 15, at 0x0bde77e0, mask 0x04 ;-; CE sym 16, at 0x0149a040, mask 0x80 ;-; ciod: Error reading message prefix after LOAD_MESSAGE on CioStream socket to 172.16.96.116:34903: Link has been severed ;-; ciod: generated 128 core files for program /bgl/apps/SWL/stability/DDCMD//ddcMDbglV ;-; CE sym 2, at 0x0fa3d060, mask 0x08 ;-; ciod: generated 64 core files for program /home/spelce1/HPCC_IBM/TomAndJeff/bin/tested_copro/tested_copro.rts ;-; critical input interrupt (unit=0x0b bit=0x06): warning for torus y+ wire ;-; CE sym 5, at 0x0e37bbe0, mask 0x40 ;-; CE sym 4, at 0x18f28be0, mask 0x40 ;-; CE sym 13, at 0x0397e0e0, mask 0x08 ;-; CE sym 9, at 0x11b9cc60, mask 0x04 ;-; ciod: Error loading /home/spelce1/HPCC_IBM/Urgent/Gunnels/VNM64/vnm.rts: invalid or missing program image, Permission denied ;-; CE sym 6, at 0x06ec7a20, mask 0x20 ;-; ciod: generated 108 core files for program /home/spelce1/HPCC_IBM/Urgent/VNM/32K/vnm.rts ;-; CE sym 9, at 0x11f82720, mask 0x02 ;-; CE sym 6, at 0x0148b640, mask 0x10 ;-; ciod: Error loading /home/spelce1/HPCC_IBM/Urgent/VNM/64K/vnm.rts: invalid or missing program image, Permission denied ;-; ciod: Error reading message prefix after LOAD_MESSAGE on CioStream socket to 172.16.96.116:53591: Link has been severed ;-; total of 2 ddr error(s) detected and corrected ;-; CE sym 20, at 0x0a508740, mask 0x02 ;-; CE sym 25, at 0x06c27c60, mask 0x40 ;-; total of 12 ddr error(s) detected and corrected ;-; 1 ddr errors(s) detected and corrected on rank 0, symbol 28, bit 0 ;-; ciod: Error reading message prefix after LOAD_MESSAGE on CioStream socket to 172.16.96.116:57673: Link has been severed ;-; CE sym 5, at 0x13253280, mask 0x04 ;-; ciod: Error loading /home/spelce1/HPCC_IBM/Urgent/COP/64K/vnm.rts: invalid or missing program image, Permission denied ;-; ciod: Error loading /home/spelce1/HPCC_IBM/Urgent/COP/64K/vnm.rts: invalid or missing program image, Permission denied ;-; ciod: Error loading /home/spelce1/HPCC_IBM/Urgent/COP/64K/vnm.rts: invalid or missing program image, Permission denied ;-; ciod: Error loading /bgl/apps/followup/SPASM/spasm.254: invalid or missing program image, Permission denied ;-; ciod: Error loading /bgl/apps/followup/SPASM/spasm.254: invalid or missing program image, Permission denied ;-; ciod: Error loading /bgl/apps/followup/MINIBEN/MB_254_051007/torus-latency.rts: invalid or missing program image, No such file or directory ;-; CE sym 14, at 0x17086be0, mask 0x02 ;-; suppressing further interrupts of same type ;-; 4 ddr errors(s) detected and corrected on rank 0, symbol 13, bit 5 ;-; 4 tree receiver 2 in re-synch state event(s) (dcr 0x019a) detected ;-; CE sym 23, at 0x1793c560, mask 0x01 ;-; CE sym 14, at 0x08d4e740, mask 0x01 ;-; ciod: generated 64 core files for program /home/spelce1/HPCC_IBM/Urgent/COP/64K/opt_co_dc.rts",1,"[1, 1, 0, 1, 1, 0, 0, 0, 0, 0, 0, 0, 0, 0, 0, 0, 0, 0, 0, 0, 0, 0, 0, 0, 0, 0, 0, 0, 0, 0, 0, 0, 0, 0, 0, 0, 0, 0, 0, 0, 0, 0, 0, 0, 0, 0, 0, 0, 0, 0, 0, 0, 0, 0, 0, 0, 0, 0, 0, 0, 0, 0, 0, 0, 1, 0, 0, 0, 0, 0, 0, 0, 0, 0, 0, 0, 0, 0, 0, 1, 0, 0, 0, 0, 0, 1, 0, 0, 0, 0, 0, 0, 0, 0, 0, 0, 0, 0, 0, 0]",100
"ciod: generated 58 core files for program /home/spelce1/HPCC_IBM/Urgent/COP/64K/opt_co_dc.rts ;-; ciod: Error reading message prefix after LOAD_MESSAGE on CioStream socket to 172.16.96.116:47696: Link has been severed ;-; data cache search parity error detected. attempting to correct ;-; data cache search parity error detected. attempting to correct ;-; data cache search parity error detected. attempting to correct ;-; data cache search parity error detected. attempting to correct ;-; data cache search parity error detected. attempting to correct ;-; data cache search parity error detected. attempting to correct ;-; CE sym 12, at 0x18e33e80, mask 0x04 ;-; CE sym 13, at 0x00f254e0, mask 0x20 ;-; shutdown complete ;-; ciod: Error loading /bgl/apps/followup/RAPTOR/new.raptor.trace: invalid or missing program image, Exec format error ;-; ciod: Error loading /bgl/apps/followup/RAPTOR/new.raptor.trace: invalid or missing program image, Exec format error ;-; ciod: generated 64 core files for program /home/rfisher/sodscaling/flash2 ;-; total of 1 ddr error(s) detected and corrected ;-; 1 ddr errors(s) detected and corrected on rank 0, symbol 17, bit 7 ;-; ciod: Error loading allreduce_int_V1R1.rts: invalid or missing program image, No such file or directory ;-; critical input interrupt (unit=0x0b bit=0x0b): warning for torus z- wire ;-; 16 tree receiver 2 in re-synch state event(s) (dcr 0x019a) detected ;-; rts: kernel terminated for reason 1004 ;-; Error receiving packet on tree network, expecting type 57 instead of type 3 (softheader=0064588e 8aff0003 00000002 00000000) PSR0=00001f01 PSR1=00000000 PRXF=00000002 PIXF=00000007 ;-; CE sym 29, at 0x1b719940, mask 0x02 ;-; CE sym 27, at 0x1b70b860, mask 0x80 ;-; ciod: Error loading /home/spelce1/HPCC_IBM/Urgent/COP/64K/hpcc-1.0.0.102905_opt_essl_cpm: invalid or missing program image, Permission denied ;-; CE sym 16, at 0x18fa5d40, mask 0x80 ;-; 4 ddr errors(s) detected and corrected on rank 0, symbol 24, bit 1 ;-; instruction cache parity error corrected ;-; CE sym 30, at 0x1bd2b700, mask 0x04 ;-; ciod: Error loading /g/g0/spelce1/HPCC_IBM/Urgent/COP/64K/RandomAccess.64R.rts: invalid or missing program image, Permission denied ;-; ciod: Error loading /home.old/glosli/src/ddcMD/ddcMD1.1.17/bin/ddcMDGbglV: invalid or missing program image, No such file or directory ;-; ciod: Error loading /home.old/glosli/src/ddcMD/ddcMD1.1.18a/bin/ddcMDGbglV: invalid or missing program image, No such file or directory ;-; iar 00106210 dear 0244c1dc ;-; 640404 floating point alignment exceptions ;-; 640404 floating point alignment exceptions ;-; iar 00106210 dear 0244c1dc ;-; iar 00106210 dear 0244c20c ;-; iar 00106228 dear 0244c1ec ;-; iar 00106210 dear 0244c20c ;-; iar 00106210 dear 0244c20c ;-; iar 00106228 dear 0244c1ec ;-; iar 00106228 dear 0244c1ec ;-; 640404 floating point alignment exceptions ;-; iar 00106228 dear 0244c21c ;-; iar 001061dc dear 0244c22c ;-; iar 001061dc dear 0244c22c ;-; iar 001061dc dear 0244c25c ;-; iar 001061dc dear 0244c22c ;-; iar 00106228 dear 0244c1ec ;-; iar 00106210 dear 0244c20c ;-; iar 00106228 dear 0244c1ec ;-; iar 001061dc dear 0244c22c ;-; iar 00105ea0 dear 0244c28c ;-; iar 00105e94 dear 02f5883c ;-; iar 001061dc dear 0244c22c ;-; iar 001061dc dear 0244c28c ;-; 640764 floating point alignment exceptions ;-; 640404 floating point alignment exceptions ;-; 640404 floating point alignment exceptions ;-; iar 00106210 dear 0244c20c ;-; iar 00106210 dear 0244c1dc ;-; iar 00106228 dear 0244c21c ;-; iar 00106210 dear 0244c1dc ;-; iar 001061dc dear 0244c25c ;-; iar 001061dc dear 0244c22c ;-; iar 00106228 dear 0244c21c ;-; iar 001061dc dear 0244c28c ;-; iar 001061dc dear 0244c28c ;-; iar 00106210 dear 0244c23c ;-; iar 00106210 dear 0244c23c ;-; iar 00106210 dear 0244c26c ;-; iar 00106228 dear 0244c24c ;-; iar 00106228 dear 0244c27c ;-; iar 00106228 dear 0244c27c ;-; iar 00106228 dear 0244c27c ;-; iar 00106568 dear 02494bbc ;-; 487476 floating point alignment exceptions ;-; 487476 floating point alignment exceptions ;-; iar 00106580 dear 02494bcc ;-; iar 00106568 dear 02494bbc ;-; iar 00106580 dear 02494bcc ;-; iar 00106534 dear 02494c0c ;-; iar 00106534 dear 02494c0c ;-; iar 00106580 dear 02494bfc ;-; iar 00106568 dear 02494bec ;-; iar 00106568 dear 02494bec ;-; iar 00106534 dear 02494c3c ;-; iar 00106580 dear 02494bfc ;-; iar 00106534 dear 02494c3c ;-; iar 00106534 dear 02494c3c ;-; iar 00106580 dear 02494c2c ;-; iar 00106580 dear 02494c2c ;-; 2354412 floating point alignment exceptions ;-; iar 00106568 dear 045e140c ;-; iar 00106580 dear 045e141c ;-; iar 00106580 dear 045e141c ;-; iar 00106580 dear 045e141c ;-; iar 00106534 dear 045e145c ;-; iar 00106568 dear 045e147c ;-; iar 00106580 dear 045e148c ;-; 2354412 floating point alignment exceptions",1,"[0, 1, 0, 0, 0, 0, 0, 0, 0, 0, 0, 0, 0, 0, 0, 0, 0, 0, 0, 1, 1, 0, 0, 0, 0, 0, 0, 0, 0, 0, 0, 0, 0, 0, 0, 0, 0, 0, 0, 0, 0, 0, 0, 0, 0, 0, 0, 0, 0, 0, 0, 0, 0, 0, 0, 0, 0, 0, 0, 0, 0, 0, 0, 0, 0, 0, 0, 0, 0, 0, 0, 0, 0, 0, 0, 0, 0, 0, 0, 0, 0, 0, 0, 0, 0, 0, 0, 0, 0, 0, 0, 0, 0, 0, 0, 0, 0, 0, 0, 0]",100
