AN_Data_corruptBlk_r_00FDN_30C_1to19B_0to120INT_15RT_5WT,16333,15,41956,345
AN_Data_corruptBlk_r_01FDN_30C_1to19B_0to120INT_15RT_5WT,16204,17,41621,343
AN_Data_corruptBlk_r_02FDN_30C_1to19B_0to120INT_15RT_5WT,14486,17,37203,309
AN_Data_corruptBlk_r_03FDN_30C_1to19B_0to120INT_15RT_5WT,15750,17,40503,330
AN_Data_corruptBlk_r_04FDN_30C_1to19B_0to120INT_15RT_5WT,16656,17,42948,332
AN_Data_corruptBlk_r_05FDN_30C_1to19B_0to120INT_15RT_5WT,15166,17,38941,324
AN_Data_corruptBlk_r_10FDN_30C_1to19B_0to120INT_15RT_5WT,16106,17,41589,327
AN_Data_corruptBlk_r_15FDN_30C_1to19B_0to120INT_15RT_5WT,17157,17,44547,346
AN_Data_corruptBlk_r_20FDN_30C_1to19B_0to120INT_15RT_5WT,18569,17,48653,362
AN_Data_corruptBlk_r_25FDN_30C_1to19B_0to120INT_15RT_5WT,17491,17,45844,381
AN_Data_corruptBlk_r_30FDN_30C_1to19B_0to120INT_15RT_5WT,16670,17,43830,385
AN_Data_corruptBlk_r_35FDN_30C_1to19B_0to120INT_15RT_5WT,16818,17,44475,388
AN_Data_corruptBlk_r_40FDN_30C_1to19B_0to120INT_15RT_5WT,15698,17,41464,394
AN_Data_corruptBlk_r_45FDN_30C_1to19B_0to120INT_15RT_5WT,14801,17,39017,382
AN_Data_corruptBlk_r_50FDN_30C_1to19B_0to120INT_15RT_5WT,16391,15,43432,406
AN_Data_corruptMeta_r_00FDN_30C_1to19B_0to120INT_15RT_5WT,16075,15,41197,354
AN_Data_corruptMeta_r_01FDN_30C_1to19B_0to120INT_15RT_5WT,15422,15,39764,329
AN_Data_corruptMeta_r_02FDN_30C_1to19B_0to120INT_15RT_5WT,16194,15,42054,338
AN_Data_corruptMeta_r_03FDN_30C_1to19B_0to120INT_15RT_5WT,15558,15,40475,335
AN_Data_corruptMeta_r_04FDN_30C_1to19B_0to120INT_15RT_5WT,15877,15,41464,330
AN_Data_corruptMeta_r_05FDN_30C_1to19B_0to120INT_15RT_5WT,17299,15,45530,340
AN_Data_corruptMeta_r_10FDN_30C_1to19B_0to120INT_15RT_5WT,16084,15,44517,320
AN_Data_corruptMeta_r_15FDN_30C_1to19B_0to120INT_15RT_5WT,17153,15,52003,333
AN_Data_corruptMeta_r_20FDN_30C_1to19B_0to120INT_15RT_5WT,16831,15,52740,351
AN_Data_corruptMeta_r_25FDN_30C_1to19B_0to120INT_15RT_5WT,15055,15,51843,359
AN_Data_corruptMeta_r_30FDN_30C_1to19B_0to120INT_15RT_5WT,13778,15,51921,377
AN_Data_corruptMeta_r_35FDN_30C_1to19B_0to120INT_15RT_5WT,11357,15,46541,367
AN_Data_corruptMeta_r_40FDN_30C_1to19B_0to120INT_15RT_5WT,9783,15,41655,363
AN_Data_corruptMeta_r_45FDN_30C_1to19B_0to120INT_15RT_5WT,9378,15,41163,398
AN_Data_corruptMeta_r_50FDN_30C_1to19B_0to120INT_15RT_5WT,8602,11,38318,391
AN_Data_cutBlk_r_01FDN_30C_1to19B_0to120INT_15RT_5WT,16217,15,42427,339
AN_Data_cutBlk_r_02FDN_30C_1to19B_0to120INT_15RT_5WT,15761,15,41563,330
AN_Data_cutBlk_r_03FDN_30C_1to19B_0to120INT_15RT_5WT,16279,15,42850,337
AN_Data_cutBlk_r_04FDN_30C_1to19B_0to120INT_15RT_5WT,16001,15,42602,330
AN_Data_cutBlk_r_05FDN_30C_1to19B_0to120INT_15RT_5WT,16430,15,43849,339
AN_Data_cutBlk_r_10FDN_30C_1to19B_0to120INT_15RT_5WT,16415,15,47618,350
AN_Data_cutBlk_r_15FDN_30C_1to19B_0to120INT_15RT_5WT,15845,15,47354,337
AN_Data_cutBlk_r_20FDN_30C_1to19B_0to120INT_15RT_5WT,15268,15,50753,354
AN_Data_cutBlk_r_25FDN_30C_1to19B_0to120INT_15RT_5WT,15800,15,52847,357
AN_Data_cutBlk_r_30FDN_30C_1to19B_0to120INT_15RT_5WT,13452,15,48646,378
AN_Data_cutBlk_r_35FDN_30C_1to19B_0to120INT_15RT_5WT,10658,15,42278,394
AN_Data_cutBlk_r_40FDN_30C_1to19B_0to120INT_15RT_5WT,9949,15,41697,380
AN_Data_cutBlk_r_45FDN_30C_1to19B_0to120INT_15RT_5WT,8535,15,37805,380
AN_Data_cutBlk_r_50FDN_30C_1to19B_0to120INT_15RT_5WT,8294,11,36946,377
AN_Data_cutMeta_r_01FDN_30C_1to19B_0to120INT_15RT_5WT,16654,15,43802,355
AN_Data_cutMeta_r_02FDN_30C_1to19B_0to120INT_15RT_5WT,15607,15,41025,336
AN_Data_cutMeta_r_03FDN_30C_1to19B_0to120INT_15RT_5WT,15890,15,42025,337
AN_Data_cutMeta_r_04FDN_30C_1to19B_0to120INT_15RT_5WT,15712,15,41688,345
AN_Data_cutMeta_r_05FDN_30C_1to19B_0to120INT_15RT_5WT,15997,15,42759,331
AN_Data_cutMeta_r_10FDN_30C_1to19B_0to120INT_15RT_5WT,16858,15,47875,350
AN_Data_cutMeta_r_15FDN_30C_1to19B_0to120INT_15RT_5WT,16100,15,45163,333
AN_Data_cutMeta_r_20FDN_30C_1to19B_0to120INT_15RT_5WT,15141,15,48948,360
AN_Data_cutMeta_r_25FDN_30C_1to19B_0to120INT_15RT_5WT,13465,15,46589,365
AN_Data_cutMeta_r_30FDN_30C_1to19B_0to120INT_15RT_5WT,11057,15,42393,386
AN_Data_cutMeta_r_35FDN_30C_1to19B_0to120INT_15RT_5WT,9164,15,36920,382
AN_Data_cutMeta_r_40FDN_30C_1to19B_0to120INT_15RT_5WT,9811,15,41459,377
AN_Data_cutMeta_r_45FDN_30C_1to19B_0to120INT_15RT_5WT,9031,15,38073,369
AN_Data_cutMeta_r_50FDN_30C_1to19B_0to120INT_15RT_5WT,8376,11,36860,394
AN_Data_lossBlk_r_01FDN_30C_1to19B_0to120INT_15RT_5WT,16057,15,41480,333
AN_Data_lossBlk_r_02FDN_30C_1to19B_0to120INT_15RT_5WT,16462,15,42946,311
AN_Data_lossBlk_r_03FDN_30C_1to19B_0to120INT_15RT_5WT,16591,15,43370,345
AN_Data_lossBlk_r_04FDN_30C_1to19B_0to120INT_15RT_5WT,17037,15,44598,353
AN_Data_lossBlk_r_05FDN_30C_1to19B_0to120INT_15RT_5WT,16250,15,42367,354
AN_Data_lossBlk_r_10FDN_30C_1to19B_0to120INT_15RT_5WT,16463,15,44676,325
AN_Data_lossBlk_r_15FDN_30C_1to19B_0to120INT_15RT_5WT,15286,15,44882,343
AN_Data_lossBlk_r_20FDN_30C_1to19B_0to120INT_15RT_5WT,15366,15,48674,359
AN_Data_lossBlk_r_25FDN_30C_1to19B_0to120INT_15RT_5WT,12320,15,41014,377
AN_Data_lossBlk_r_30FDN_30C_1to19B_0to120INT_15RT_5WT,11561,15,41799,365
AN_Data_lossBlk_r_35FDN_30C_1to19B_0to120INT_15RT_5WT,9529,15,38628,364
AN_Data_lossBlk_r_40FDN_30C_1to19B_0to120INT_15RT_5WT,9147,15,36822,372
AN_Data_lossBlk_r_45FDN_30C_1to19B_0to120INT_15RT_5WT,7361,15,31286,362
AN_Data_lossBlk_r_50FDN_30C_1to19B_0to120INT_15RT_5WT,7124,11,30606,357
AN_Data_lossMeta_r_01FDN_30C_1to19B_0to120INT_15RT_5WT,16499,15,42103,345
AN_Data_lossMeta_r_02FDN_30C_1to19B_0to120INT_15RT_5WT,16012,15,40662,337
AN_Data_lossMeta_r_03FDN_30C_1to19B_0to120INT_15RT_5WT,16014,15,40582,343
AN_Data_lossMeta_r_04FDN_30C_1to19B_0to120INT_15RT_5WT,17419,15,44253,342
AN_Data_lossMeta_r_05FDN_30C_1to19B_0to120INT_15RT_5WT,15645,15,39226,341
AN_Data_lossMeta_r_10FDN_30C_1to19B_0to120INT_15RT_5WT,16748,15,41436,331
AN_Data_lossMeta_r_15FDN_30C_1to19B_0to120INT_15RT_5WT,17430,15,41752,344
AN_Data_lossMeta_r_20FDN_30C_1to19B_0to120INT_15RT_5WT,18383,15,43217,343
AN_Data_lossMeta_r_25FDN_30C_1to19B_0to120INT_15RT_5WT,18923,15,42313,347
AN_Data_lossMeta_r_30FDN_30C_1to19B_0to120INT_15RT_5WT,20123,15,44258,335
AN_Data_lossMeta_r_35FDN_30C_1to19B_0to120INT_15RT_5WT,18255,15,39388,326
AN_Data_lossMeta_r_40FDN_30C_1to19B_0to120INT_15RT_5WT,21313,15,44399,349
AN_Data_lossMeta_r_45FDN_30C_1to19B_0to120INT_15RT_5WT,21549,15,43873,344
AN_Data_lossMeta_r_50FDN_30C_1to19B_0to120INT_15RT_5WT,21898,13,43440,362
AN_Net_disconnectDN_r_01FDN_30xC_1to19B_0to120INT_15RT_5WT,16047,15,41418,337
AN_Net_disconnectDN_r_02FDN_30C_1to19B_0to120INT_15RT_5WT,15157,15,39254,323
AN_Net_disconnectDN_r_03FDN_30C_1to19B_0to120INT_15RT_5WT,15251,15,39712,326
AN_Net_disconnectDN_r_04FDN_30C_1to19B_0to120INT_15RT_5WT,15289,15,39974,324
AN_Net_disconnectDN_r_05FDN_30C_1to19B_0to120INT_15RT_5WT,15535,15,40796,327
AN_Net_disconnectDN_r_10FDN_30C_1to19B_0to120INT_15RT_5WT,14020,15,38262,320
AN_Net_disconnectDN_r_15FDN_30C_1to19B_0to120INT_15RT_5WT,12777,15,37419,299
AN_Net_disconnectDN_r_20FDN_30C_1to19B_0to120INT_15RT_5WT,10725,15,33432,296
AN_Net_disconnectDN_r_25FDN_30C_1to19B_0to120INT_15RT_5WT,7612,15,25982,276
AN_Net_disconnectDN_r_30FDN_30C_1to19B_0to120INT_15RT_5WT,5643,15,21967,266
AN_Net_disconnectDN_r_35FDN_30C_1to19B_0to120INT_15RT_5WT,4633,15,19456,274
AN_Net_disconnectDN_r_40FDN_30C_1to19B_0to120INT_15RT_5WT,3207,15,15885,272
AN_Net_disconnectDN_r_45FDN_30C_1to19B_0to120INT_15RT_5WT,2932,15,15323,275
AN_Net_disconnectDN_r_50FDN_30C_1to19B_0to120INT_15RT_5WT,2630,8,14407,263
AN_Net_disconnectDN_w_01FDN_30C_1to19B_0to600INT_15RT_5WT,4697,17,10472,63
AN_Net_disconnectDN_w_02FDN_30C_1to19B_0to600INT_15RT_5WT,5655,17,12612,77
AN_Net_disconnectDN_w_03FDN_30C_1to19B_0to600INT_15RT_5WT,5461,17,12198,73
AN_Net_disconnectDN_w_04FDN_30C_1to19B_0to600INT_15RT_5WT,6522,17,14635,75
AN_Net_disconnectDN_w_05FDN_30C_1to19B_0to600INT_15RT_5WT,6179,17,13880,71
AN_Net_disconnectDN_w_10FDN_30C_1to19B_0to600INT_15RT_5WT,5617,17,12671,69
AN_Net_disconnectDN_w_15FDN_30C_1to19B_0to600INT_15RT_5WT,4248,17,9588,67
AN_Net_disconnectDN_w_20FDN_30C_1to19B_0to600INT_15RT_5WT,2736,17,6130,69
AN_Net_disconnectDN_w_25FDN_30C_1to19B_0to600INT_15RT_5WT,2184,17,4872,79
AN_Net_disconnectDN_w_30FDN_30C_1to19B_0to600INT_15RT_5WT,1939,17,4307,75
AN_Net_disconnectDN_w_35FDN_30C_1to19B_0to600INT_15RT_5WT,1421,17,3129,64
AN_Net_disconnectDN_w_40FDN_30C_1to19B_0to600INT_15RT_5WT,1732,17,3804,76
AN_Net_disconnectDN_w_45FDN_30C_1to19B_0to600INT_15RT_5WT,1655,17,3629,77
AN_Net_disconnectDN_w_50FDN_30C_1to19B_0to600INT_15RT_5WT,772,10,1596,76
AN_Net_slowDN_r_100ms_01FDN_30C_1to19B_0to120INT_15RT_5WT,13930,15,35841,290
AN_Net_slowDN_r_100ms_02FDN_30C_1to19B_0to120INT_15RT_5WT,14993,15,38484,323
AN_Net_slowDN_r_100ms_03FDN_30C_1to19B_0to120INT_15RT_5WT,14748,15,37860,315
AN_Net_slowDN_r_100ms_04FDN_30C_1to19B_0to120INT_15RT_5WT,14439,15,37140,301
AN_Net_slowDN_r_100ms_05FDN_30C_1to19B_0to120INT_15RT_5WT,14331,15,36900,293
AN_Net_slowDN_r_100ms_10FDN_30C_1to19B_0to120INT_15RT_5WT,13912,15,35825,287
AN_Net_slowDN_r_100ms_15FDN_30C_1to19B_0to120INT_15RT_5WT,12011,15,30858,256
AN_Net_slowDN_r_100ms_20FDN_30C_1to19B_0to120INT_15RT_5WT,11391,15,29279,243
AN_Net_slowDN_r_100ms_25FDN_30C_1to19B_0to120INT_15RT_5WT,10803,15,27767,232
AN_Net_slowDN_r_100ms_30FDN_30C_1to19B_0to120INT_15RT_5WT,10886,15,28070,222
AN_Net_slowDN_r_100ms_35FDN_30C_1to19B_0to120INT_15RT_5WT,9756,15,25072,211
AN_Net_slowDN_r_100ms_40FDN_30C_1to19B_0to120INT_15RT_5WT,9136,15,23491,197
AN_Net_slowDN_r_100ms_45FDN_30C_1to19B_0to120INT_15RT_5WT,9371,15,24227,186
AN_Net_slowDN_r_100ms_50FDN_30C_1to19B_0to120INT_15RT_5WT,8772,15,22585,185
AN_Net_slowDN_w_20ms_01FDN_30C_1to19B_0to600INT_15RT_5WT,5387,15,11981,75
AN_Net_slowDN_w_20ms_02FDN_30C_1to19B_0to600INT_15RT_5WT,5560,15,12403,69
AN_Net_slowDN_w_20ms_03FDN_30C_1to19B_0to600INT_15RT_5WT,5104,15,11343,73
AN_Net_slowDN_w_20ms_04FDN_30C_1to19B_0to600INT_15RT_5WT,4840,15,10806,58
AN_Net_slowDN_w_20ms_05FDN_30C_1to19B_0to600INT_15RT_5WT,5584,15,12418,78
AN_Net_slowDN_w_20ms_10FDN_30C_1to19B_0to600INT_15RT_5WT,4299,15,9534,66
AN_Net_slowDN_w_20ms_15FDN_30C_1to19B_0to600INT_15RT_5WT,4125,15,9185,55
AN_Net_slowDN_w_20ms_20FDN_30C_1to19B_0to600INT_15RT_5WT,5279,15,11774,66
AN_Net_slowDN_w_20ms_25FDN_30C_1to19B_0to600INT_15RT_5WT,4556,15,10148,60
AN_Net_slowDN_w_20ms_30FDN_30C_1to19B_0to600INT_15RT_5WT,4430,15,9860,60
AN_Net_slowDN_w_20ms_35FDN_30C_1to19B_0to600INT_15RT_5WT,3640,15,8103,49
AN_Net_slowDN_w_20ms_40FDN_30C_1to19B_0to600INT_15RT_5WT,3682,15,8199,49
AN_Net_slowDN_w_20ms_45FDN_30C_1to19B_0to600INT_15RT_5WT,3563,15,7927,49
AN_Net_slowDN_w_20ms_50FDN_30C_1to19B_0to600INT_15RT_5WT,3742,15,8345,47
AN_Net_slowHDFS_rpc_0000ms_30C_0to0INT_5RT_1WT,43951,20,58595,9769
AN_Net_slowHDFS_rpc_0100ms_30C_0to0INT_5RT_1WT,27489,20,36651,6109
AN_Net_slowHDFS_rpc_0200ms_30C_0to0INT_5RT_1WT,20043,20,26721,4455
AN_Net_slowHDFS_rpc_0300ms_30C_0to0INT_5RT_1WT,15744,20,20994,3498
AN_Net_slowHDFS_rpc_0400ms_30C_0to0INT_5RT_1WT,12955,20,17270,2880
AN_Net_slowHDFS_rpc_0500ms_30C_0to0INT_5RT_1WT,10985,20,14641,2443
AN_Net_slowHDFS_rpc_0600ms_30C_0to0INT_5RT_1WT,9530,20,12700,2120
AN_Net_slowHDFS_rpc_0700ms_30C_0to0INT_5RT_1WT,8442,20,11250,1878
AN_Net_slowHDFS_rpc_0800ms_30C_0to0INT_5RT_1WT,7564,20,10085,1681
AN_Net_slowHDFS_rpc_0900ms_30C_0to0INT_5RT_1WT,6850,20,9125,1525
AN_Net_slowHDFS_rpc_1000ms_30C_0to0INT_5RT_1WT,6266,20,8350,1394
AN_Net_slowHDFS_r_000ms_30C_1to19B_0to120INT_15RT_5WT,14928,15,38375,312
AN_Net_slowHDFS_r_010ms_30C_1to19B_0to120INT_15RT_5WT,14686,15,37628,323
AN_Net_slowHDFS_r_020ms_30C_1to19B_0to120INT_15RT_5WT,14397,15,36916,314
AN_Net_slowHDFS_r_030ms_30C_1to19B_0to120INT_15RT_5WT,13377,15,34340,288
AN_Net_slowHDFS_r_040ms_30C_1to19B_0to120INT_15RT_5WT,12363,15,31830,257
AN_Net_slowHDFS_r_050ms_30C_1to19B_0to120INT_15RT_5WT,11858,15,30407,261
AN_Net_slowHDFS_r_060ms_30C_1to19B_0to120INT_15RT_5WT,10983,15,28330,226
AN_Net_slowHDFS_r_070ms_30C_1to19B_0to120INT_15RT_5WT,9939,15,25566,212
AN_Net_slowHDFS_r_080ms_30C_1to19B_0to120INT_15RT_5WT,9905,15,25548,203
AN_Net_slowHDFS_r_090ms_30C_1to19B_0to120INT_15RT_5WT,8841,15,22752,188
AN_Net_slowHDFS_r_100ms_30C_1to19B_0to120INT_15RT_5WT,8624,15,22195,183
AN_Net_slowHDFS_w_00ms_30C_1to19B_0to600INT_15RT_5WT,5071,15,11272,72
AN_Net_slowHDFS_w_02ms_30C_1to19B_0to600INT_15RT_5WT,4916,15,10962,62
AN_Net_slowHDFS_w_04ms_30C_1to19B_0to600INT_15RT_5WT,5606,15,12486,74
AN_Net_slowHDFS_w_06ms_30C_1to19B_0to600INT_15RT_5WT,4732,15,10537,63
AN_Net_slowHDFS_w_08ms_30C_1to19B_0to600INT_15RT_5WT,3980,15,8827,61
AN_Net_slowHDFS_w_10ms_30C_1to19B_0to600INT_15RT_5WT,3980,15,8858,54
AN_Net_slowHDFS_w_12ms_30C_1to19B_0to600INT_15RT_5WT,5318,15,11841,71
AN_Net_slowHDFS_w_14ms_30C_1to19B_0to600INT_15RT_5WT,4259,15,9478,58
AN_Net_slowHDFS_w_16ms_30C_1to19B_0to600INT_15RT_5WT,3906,15,8680,56
AN_Net_slowHDFS_w_18ms_30C_1to19B_0to600INT_15RT_5WT,3883,15,8623,57
AN_Net_slowHDFS_w_20ms_30C_1to19B_0to600INT_15RT_5WT,3541,15,7859,53
AN_Proc_killDN_r_00FDN_30C_1to19B_0to120INT_15RT_5WT,15629,15,40747,346
AN_Proc_killDN_r_01FDN_30C_1to19B_0to120INT_15RT_5WT,15673,15,41207,333
AN_Proc_killDN_r_02FDN_30C_1to19B_0to120INT_15RT_5WT,16684,15,43862,364
AN_Proc_killDN_r_03FDN_30C_1to19B_0to120INT_15RT_5WT,16376,15,43455,353
AN_Proc_killDN_r_04FDN_30C_1to19B_0to120INT_15RT_5WT,15599,15,41612,328
AN_Proc_killDN_r_05FDN_30C_1to19B_0to120INT_15RT_5WT,16060,15,42946,343
AN_Proc_killDN_r_10FDN_30C_1to19B_0to120INT_15RT_5WT,14793,15,41076,338
AN_Proc_killDN_r_15FDN_30C_1to19B_0to120INT_15RT_5WT,14956,15,42419,350
AN_Proc_killDN_r_20FDN_30C_1to19B_0to120INT_15RT_5WT,14694,15,45331,356
AN_Proc_killDN_r_25FDN_30C_1to19B_0to120INT_15RT_5WT,12054,15,38160,335
AN_Proc_killDN_r_30FDN_30C_1to19B_0to120INT_15RT_5WT,9806,15,34440,369
AN_Proc_killDN_r_35FDN_30C_1to19B_0to120INT_15RT_5WT,7127,15,29065,372
AN_Proc_killDN_r_40FDN_30C_1to19B_0to120INT_15RT_5WT,5363,15,25423,375
AN_Proc_killDN_r_45FDN_30C_1to19B_0to120INT_15RT_5WT,4168,15,22397,372
AN_Proc_killDN_r_50FDN_30C_1to19B_0to120INT_15RT_5WT,3710,8,20977,371
AN_Proc_killDN_w_00FDN_30C_1to19B_0to600INT_15RT_5WT,5105,15,11363,69
AN_Proc_killDN_w_01FDN_30C_1to19B_0to600INT_15RT_5WT,5765,17,12843,80
AN_Proc_killDN_w_02FDN_30C_1to19B_0to600INT_15RT_5WT,5402,17,12065,70
AN_Proc_killDN_w_03FDN_30C_1to19B_0to600INT_15RT_5WT,5802,17,12995,69
AN_Proc_killDN_w_04FDN_30C_1to19B_0to600INT_15RT_5WT,5765,17,12915,72
AN_Proc_killDN_w_05FDN_30C_1to19B_0to600INT_15RT_5WT,5093,17,11389,67
AN_Proc_killDN_w_10FDN_30C_1to19B_0to600INT_15RT_5WT,5766,17,13016,74
AN_Proc_killDN_w_15FDN_30C_1to19B_0to600INT_15RT_5WT,5112,17,11546,87
AN_Proc_killDN_w_20FDN_30C_1to19B_0to600INT_15RT_5WT,3673,17,8287,84
AN_Proc_killDN_w_25FDN_30C_1to19B_0to600INT_15RT_5WT,2206,17,4900,82
AN_Proc_killDN_w_30FDN_30C_1to19B_0to600INT_15RT_5WT,2001,17,4427,82
AN_Proc_killDN_w_35FDN_30C_1to19B_0to600INT_15RT_5WT,2171,17,4802,86
AN_Proc_killDN_w_40FDN_30C_1to19B_0to600INT_15RT_5WT,1403,17,3074,74
AN_Proc_killDN_w_45FDN_30C_1to19B_0to600INT_15RT_5WT,1767,17,3889,77
AN_Proc_killDN_w_50FDN_30C_1to19B_0to600INT_15RT_5WT,945,10,1967,91
AN_Proc_suspendDN_r_01FDN_30C_1to19B_0to120INT_15RT_5WT,14174,15,36406,319
AN_Proc_suspendDN_r_02FDN_30C_1to19B_0to120INT_15RT_5WT,13514,15,34941,286
AN_Proc_suspendDN_r_03FDN_30C_1to19B_0to120INT_15RT_5WT,12679,15,32813,274
AN_Proc_suspendDN_r_04FDN_30C_1to19B_0to120INT_15RT_5WT,11928,15,31046,250
AN_Proc_suspendDN_r_05FDN_30C_1to19B_0to120INT_15RT_5WT,10526,15,27615,219
AN_Proc_suspendDN_r_10FDN_30C_1to19B_0to120INT_15RT_5WT,6771,15,18281,139
AN_Proc_suspendDN_r_15FDN_30C_1to19B_0to120INT_15RT_5WT,2626,15,7909,71
AN_Proc_suspendDN_r_20FDN_30C_1to19B_0to120INT_15RT_5WT,2216,15,6913,72
AN_Proc_suspendDN_r_25FDN_30C_1to19B_0to120INT_15RT_5WT,1855,15,5987,62
AN_Proc_suspendDN_r_30FDN_30C_1to19B_0to120INT_15RT_10WT,1876,15,6036,70
AN_Proc_suspendDN_r_35FDN_30C_1to19B_0to120INT_15RT_10WT,1324,15,4512,68
AN_Proc_suspendDN_r_40FDN_30C_1to19B_0to120INT_15RT_10WT,908,15,3499,64
AN_Proc_suspendDN_r_45FDN_30C_1to19B_0to120INT_15RT_10WT,620,15,2725,54
AN_Proc_suspendDN_r_50FDN_30C_1to19B_0to120INT_15RT_10WT,740,8,3031,74
AN_Proc_suspendDN_w_01FDN_30C_1to19B_0to600INT_15RT_5WT,5759,17,12856,72
AN_Proc_suspendDN_w_02FDN_30C_1to19B_0to600INT_15RT_5WT,5408,17,12079,68
AN_Proc_suspendDN_w_03FDN_30C_1to19B_0to600INT_15RT_5WT,5238,17,11720,65
AN_Proc_suspendDN_w_04FDN_30C_1to19B_0to600INT_15RT_5WT,5617,17,12558,71
AN_Proc_suspendDN_w_05FDN_30C_1to19B_0to600INT_15RT_5WT,3683,17,8248,49
AN_Proc_suspendDN_w_10FDN_30C_1to19B_0to600INT_15RT_5WT,3576,17,8054,43
AN_Proc_suspendDN_w_15FDN_30C_1to19B_0to600INT_15RT_5WT,2785,17,6277,44
AN_Proc_suspendDN_w_20FDN_30C_1to19B_0to600INT_15RT_5WT,2096,17,4699,43
AN_Proc_suspendDN_w_25FDN_30C_1to19B_0to600INT_15RT_5WT,1963,17,4390,43
AN_Proc_suspendDN_w_30FDN_30C_1to19B_0to600INT_15RT_5WT,1977,17,4394,48
AN_Proc_suspendDN_w_35FDN_30C_1to19B_0to600INT_15RT_5WT,1225,17,2692,47
AN_Proc_suspendDN_w_40FDN_30C_1to19B_0to600INT_15RT_5WT,1595,17,3542,46
AN_Proc_suspendDN_w_45FDN_30C_1to19B_0to600INT_15RT_5WT,1468,17,3282,45
AN_Proc_suspendDN_w_50FDN_30C_1to19B_0to600INT_15RT_5WT,483,10,993,48
AN_Sys_deadDN_r_01FDN_30C_1to19B_0to120INT_15RT_5WT,14215,15,37152,298
AN_Sys_deadDN_r_02FDN_30C_1to19B_0to120INT_15RT_5WT,13527,15,35366,297
AN_Sys_deadDN_r_03FDN_30C_1to19B_0to120INT_15RT_5WT,13797,15,36085,302
AN_Sys_deadDN_r_04FDN_30C_1to19B_0to120INT_15RT_5WT,12124,15,32046,261
AN_Sys_deadDN_r_05FDN_30C_1to19B_0to120INT_15RT_5WT,12838,15,33862,277
AN_Sys_deadDN_w_01FDN_30C_1to19B_0to600INT_15RT_5WT,4869,17,10832,69
AN_Sys_deadDN_w_02FDN_30C_1to19B_0to600INT_15RT_5WT,5872,17,13113,75
AN_Sys_deadDN_w_03FDN_30C_1to19B_0to600INT_15RT_5WT,4693,17,10473,64
AN_Sys_deadDN_w_04FDN_30C_1to19B_0to600INT_15RT_5WT,4110,17,9190,54
AN_Sys_deadDN_w_05FDN_30C_1to19B_0to600INT_15RT_5WT,4648,17,10431,54
AN_Sys_panicDN_r_01FDN_30C_1to19B_0to120INT_15RT_5WT,15425,15,40083,336
AN_Sys_panicDN_r_02FDN_30C_1to19B_0to120INT_15RT_5WT,15320,15,39987,323
AN_Sys_panicDN_r_03FDN_30C_1to19B_0to120INT_15RT_5WT,15672,15,41261,315
AN_Sys_panicDN_r_04FDN_30C_1to19B_0to120INT_15RT_5WT,15320,15,40609,325
AN_Sys_panicDN_r_05FDN_30C_1to19B_0to120INT_15RT_5WT,14847,15,39373,323
AN_Sys_panicDN_w_01FDN_30C_1to19B_0to600INT_15RT_5WT,5412,17,12058,73
AN_Sys_panicDN_w_02FDN_30C_1to19B_0to600INT_15RT_5WT,4772,17,10618,72
AN_Sys_panicDN_w_03FDN_30C_1to19B_0to600INT_15RT_5WT,5746,17,12859,71
AN_Sys_panicDN_w_04FDN_30C_1to19B_0to600INT_15RT_5WT,5440,17,12171,70
AN_Sys_panicDN_w_05FDN_30C_1to19B_0to600INT_15RT_5WT,5201,17,11641,69
AN_Sys_readOnlyDN_w_01FDN_30C_1to19B_0to600INT_15RT_5WT,4843,19,10776,66
AN_Sys_readOnlyDN_w_02FDN_30C_1to19B_0to600INT_15RT_5WT,6367,19,14196,80
AN_Sys_readOnlyDN_w_03FDN_30C_1to19B_0to600INT_15RT_5WT,5711,19,12705,78
AN_Sys_readOnlyDN_w_04FDN_30C_1to19B_0to600INT_15RT_5WT,5475,19,12184,74
AN_Sys_readOnlyDN_w_05FDN_30C_1to19B_0to600INT_15RT_5WT,5424,19,12083,70
COM_Mul_AA_rwrpc_1_30C_1to19B_0to120INTR_0to600INTW_0to0INTRPC_150RT_10WT,95320,58,204739,5812
COM_Mul_AA_rwrpc_2_30C_1to19B_0to120INTR_0to600INTW_0to0INTRPC_150RT_10WT,93476,62,200306,5823
COM_Mul_AA_rwrpc_3_30C_1to19B_0to120INTR_0to600INTW_0to0INTRPC_150RT_10WT,91760,62,197467,5609
COM_Sin_Bug_rwrpc_1_30C_1to5B_0to120INTR_0to600INTW_0to10INTRPC_30RT_5WT,10400,42,18505,1354
COM_Sin_Bug_rwrpc_2_30C_1to5B_0to120INTR_0to600INTW_0to10INTRPC_30RT_5WT,9236,42,16543,1182
COM_Sin_Bug_rwrpc_3_30C_1to5B_0to120INTR_0to600INTW_0to10INTRPC_30RT_5WT,10020,42,17708,1311
COM_Sin_Data_rwrpc_1_30C_1to19B_0to120INTR_0to600INTW_0to0INTRPC_60RT_10WT,38911,46,83537,2436
COM_Sin_Data_rwrpc_2_30C_1to19B_0to120INTR_0to600INTW_0to0INTRPC_60RT_10WT,38784,46,83274,2399
COM_Sin_Data_rwrpc_3_30C_1to19B_0to120INTR_0to600INTW_0to0INTRPC_60RT_10WT,39780,44,85091,2557
COM_Sin_Net_rwrpc_1_30C_1to19B_0to120INTR_0to600INTW_0to0INTRPC_60RT_10WT,34266,44,73145,2152
COM_Sin_Net_rwrpc_2_30C_1to19B_0to120INTR_0to600INTW_0to0INTRPC_60RT_10WT,34596,48,73375,2238
COM_Sin_Net_rwrpc_3_30C_1to19B_0to120INTR_0to600INTW_0to0INTRPC_60RT_10WT,34330,44,73172,2149
COM_Sin_Proc_rwrpc_1_30C_1to19B_0to120INTR_0to600INTW_0to0INTRPC_60RT_10WT,37993,58,80953,2426
COM_Sin_Proc_rwrpc_2_30C_1to19B_0to120INTR_0to600INTW_0to0INTRPC_60RT_10WT,36843,58,78702,2300
COM_Sin_Proc_rwrpc_3_30C_1to19B_0to120INTR_0to600INTW_0to0INTRPC_60RT_10WT,36411,44,77683,2311
COM_Sin_Sys_rwrpc_1_30C_1to19B_0to120INTR_0to600INTW_0to0INTRPC_60RT_10WT,37267,61,79781,2298
COM_Sin_Sys_rwrpc_2_30C_1to19B_0to120INTR_0to600INTW_0to0INTRPC_60RT_10WT,36753,58,77923,2407
COM_Sin_Sys_rwrpc_3_30C_1to19B_0to120INTR_0to600INTW_0to0INTRPC_60RT_10WT,36499,60,77675,2351
NM_CL_rpc_01C_0to0INT_10RT_1WT,3132,20,4176,696
NM_CL_rpc_05C_0to0INT_10RT_1WT,15390,20,20520,3420
NM_CL_rpc_10C_0to0INT_10RT_1WT,30531,20,40707,6785
NM_CL_rpc_15C_0to0INT_10RT_1WT,45461,20,60613,10103
NM_CL_rpc_20C_0to0INT_10RT_1WT,60432,20,80574,13430
NM_CL_rpc_25C_0to0INT_10RT_1WT,74663,20,99550,16592
NM_CL_rpc_30C_0to0INT_10RT_1WT,87542,20,116722,19454
NM_CL_rpc_35C_0to0INT_10RT_1WT,100452,20,133935,22323
NM_CL_rpc_40C_0to0INT_10RT_1WT,111411,20,148542,24760
NM_CL_rpc_45C_0to0INT_10RT_1WT,121213,20,161618,26936
NM_CL_rpc_50C_0to0INT_10RT_1WT,134465,20,179270,29880
NM_CL_rwrpc_01C_1to19B_0to0INTR_0to0INTW_0to0INTRPC_50RT_10WT,15213,42,32203,988
NM_CL_rwrpc_05C_1to19B_0to120INTR_0to600INTW_0to0INTRPC_50RT_10WT,5133,42,10822,339
NM_CL_rwrpc_10C_1to19B_0to120INTR_0to600INTW_0to0INTRPC_50RT_10WT,11751,42,24993,737
NM_CL_rwrpc_15C_1to19B_0to120INTR_0to600INTW_0to0INTRPC_50RT_10WT,17696,42,37869,1066
NM_CL_rwrpc_20C_1to19B_0to120INTR_0to600INTW_0to0INTRPC_50RT_10WT,21214,42,44821,1388
NM_CL_rwrpc_25C_1to19B_0to120INTR_0to600INTW_0to0INTRPC_50RT_10WT,27150,42,57918,1647
NM_CL_rwrpc_30C_1to19B_0to120INTR_0to600INTW_0to0INTRPC_50RT_10WT,31574,42,66863,2023
NM_CL_rwrpc_35C_1to19B_0to120INTR_0to600INTW_0to0INTRPC_50RT_10WT,37853,42,80398,2393
NM_CL_rwrpc_40C_1to19B_0to120INTR_0to600INTW_0to0INTRPC_50RT_10WT,41080,42,87265,2566
NM_CL_rwrpc_45C_1to19B_0to120INTR_0to600INTW_0to0INTRPC_50RT_10WT,43528,42,92558,2695
NM_CL_rwrpc_50C_1to19B_0to120INTR_0to600INTW_0to0INTRPC_50RT_10WT,45794,42,97055,2906
NM_CL_rw_01C_1to19B_0to0INTR_0to0INTW_50RT_10WT,14054,28,33209,217
NM_CL_rw_05C_1to19B_0to120INTR_0to600INTW_50RT_10WT,5284,28,12525,76
NM_CL_rw_10C_1to19B_0to120INTR_0to600INTW_50RT_10WT,9152,28,21539,157
NM_CL_rw_15C_1to19B_0to120INTR_0to600INTW_50RT_10WT,13732,28,32400,222
NM_CL_rw_20C_1to19B_0to120INTR_0to600INTW_50RT_10WT,17219,28,40578,281
NM_CL_rw_25C_1to19B_0to120INTR_0to600INTW_50RT_10WT,22427,28,52777,365
NM_CL_rw_30C_1to19B_0to120INTR_0to600INTW_50RT_10WT,25689,28,60581,407
NM_CL_rw_35C_1to19B_0to120INTR_0to600INTW_50RT_10WT,27935,28,65661,471
NM_CL_rw_40C_1to19B_0to120INTR_0to600INTW_50RT_10WT,31793,28,75015,502
NM_CL_rw_45C_1to19B_0to120INTR_0to600INTW_50RT_10WT,32896,28,77460,534
NM_CL_rw_50C_1to19B_0to120INTR_0to600INTW_50RT_10WT,35461,28,83477,569
NM_CL_r_01C_1to19B_0to0INT_50RT_10WT,15393,15,40271,337
NM_CL_r_05C_1to19B_0to120INT_50RT_10WT,9534,15,24855,211
NM_CL_r_10C_1to19B_0to120INT_50RT_10WT,19159,15,50109,415
NM_CL_r_15C_1to19B_0to120INT_50RT_10WT,29653,15,77477,640
NM_CL_r_20C_1to19B_0to120INT_50RT_10WT,36129,15,94397,788
NM_CL_r_25C_1to19B_0to120INT_50RT_10WT,46352,15,121154,994
NM_CL_r_30C_1to19B_0to120INT_50RT_10WT,52573,15,137329,1145
NM_CL_r_35C_1to19B_0to120INT_50RT_10WT,58795,15,153583,1296
NM_CL_r_40C_1to19B_0to120INT_50RT_10WT,62315,15,162885,1356
NM_CL_r_45C_1to19B_0to120INT_50RT_10WT,64081,15,167495,1384
NM_CL_r_50C_1to19B_0to120INT_50RT_10WT,66283,15,173289,1421
NM_CL_w_01C_1to19B_0to0INT_50RT_10WT,12825,15,28557,171
NM_CL_w_05C_1to19B_0to600INT_50RT_10WT,3913,15,8727,49
NM_CL_w_10C_1to19B_0to600INT_50RT_10WT,7363,15,16440,88
NM_CL_w_15C_1to19B_0to600INT_50RT_10WT,10369,15,23116,132
NM_CL_w_20C_1to19B_0to600INT_50RT_10WT,13994,15,31229,171
NM_CL_w_25C_1to19B_0to600INT_50RT_10WT,15812,15,35194,214
NM_CL_w_30C_1to19B_0to600INT_50RT_10WT,19418,15,43237,259
NM_CL_w_35C_1to19B_0to600INT_50RT_10WT,21718,15,48348,292
NM_CL_w_40C_1to19B_0to600INT_50RT_10WT,23650,15,52671,313
NM_CL_w_45C_1to19B_0to600INT_50RT_10WT,27682,15,61701,355
NM_CL_w_50C_1to19B_0to600INT_50RT_10WT,27798,15,61913,367
NM_DN_rw_01DN_30C_1to19B_0to120INTR_0to600INTW_50RT_10WT,13130,27,33547,329
NM_DN_rw_05DN_30C_1to19B_0to120INTR_0to600INTW_50RT_10WT,11648,28,27327,196
NM_DN_rw_10DN_30C_1to19B_0to120INTR_0to600INTW_50RT_10WT,21550,28,50772,365
NM_DN_rw_15DN_30C_1to19B_0to120INTR_0to600INTW_50RT_10WT,23951,28,56662,357
NM_DN_rw_20DN_30C_1to19B_0to120INTR_0to600INTW_50RT_10WT,24005,28,56651,383
NM_DN_rw_25DN_30C_1to19B_0to120INTR_0to600INTW_50RT_10WT,25268,28,59532,412
NM_DN_rw_30DN_30C_1to19B_0to120INTR_0to600INTW_50RT_10WT,24469,28,57406,417
NM_DN_rw_35DN_30C_1to19B_0to120INTR_0to600INTW_50RT_10WT,23852,28,56146,403
NM_DN_rw_40DN_30C_1to19B_0to120INTR_0to600INTW_50RT_10WT,26047,28,61413,419
NM_DN_rw_45DN_30C_1to19B_0to120INTR_0to600INTW_50RT_10WT,24830,28,58434,412
NM_DN_rw_50DN_30C_1to19B_0to120INTR_0to600INTW_50RT_10WT,25782,30,60805,406
NM_DN_r_01DN_30C_1to19B_0to120INT_50RT_10WT,18388,15,48372,393
NM_DN_r_05DN_30C_1to19B_0to120INT_50RT_10WT,37431,15,96884,790
NM_DN_r_10DN_30C_1to19B_0to120INT_50RT_10WT,42337,15,109136,894
NM_DN_r_15DN_30C_1to19B_0to120INT_50RT_10WT,46792,15,120248,1009
NM_DN_r_20DN_30C_1to19B_0to120INT_50RT_10WT,49577,15,127459,1052
NM_DN_r_25DN_30C_1to19B_0to120INT_50RT_10WT,49399,15,126849,1058
NM_DN_r_30DN_30C_1to19B_0to120INT_50RT_10WT,52212,15,134377,1080
NM_DN_r_35DN_30C_1to19B_0to120INT_50RT_10WT,52731,15,135578,1103
NM_DN_r_40DN_30C_1to19B_0to120INT_50RT_10WT,52778,15,135608,1111
NM_DN_r_45DN_30C_1to19B_0to120INT_50RT_10WT,53973,15,138844,1117
NM_DN_r_50DN_30C_1to19B_0to120INT_50RT_10WT,53486,15,137343,1134
NM_DN_w_01DN_30C_1to19B_0to600INT_50RT_10WT,9135,14,22786,248
NM_DN_w_05DN_30C_1to19B_0to600INT_50RT_10WT,9144,17,20368,120
NM_DN_w_10DN_30C_1to19B_0to600INT_50RT_10WT,17373,15,38700,228
NM_DN_w_15DN_30C_1to19B_0to600INT_50RT_10WT,18729,15,41702,250
NM_DN_w_20DN_30C_1to19B_0to600INT_50RT_10WT,18601,15,41423,247
NM_DN_w_25DN_30C_1to19B_0to600INT_50RT_10WT,19341,15,43123,245
NM_DN_w_30DN_30C_1to19B_0to600INT_50RT_10WT,20633,15,46005,261
NM_DN_w_35DN_30C_1to19B_0to600INT_50RT_10WT,18576,15,41401,239
NM_DN_w_40DN_30C_1to19B_0to600INT_50RT_10WT,19495,15,43444,252
NM_DN_w_45DN_30C_1to19B_0to600INT_50RT_10WT,18886,15,42021,259
NM_DN_w_50DN_30C_1to19B_0to600INT_50RT_10WT,18132,15,40333,251
